lokalita;plocha;kmen_pred;mod_vys_pred
10000001;1;1;21,9
10000001;1;2;21,7
10000001;1;3;14,3
10000001;1;4;12,9
10000001;1;5;13,2
10000001;1;7;9,8
10000001;1;8;13,0
10000001;1;9;14,8
10000001;1;10;11,4
10000001;1;11;11,9
10000001;1;12;23,5
10000001;1;13;20,6
10000001;1;14;21,6
10000001;1;15;10,4
10000002;1;1;21,7
10000002;1;2;15,6
10000002;1;3;21,2
10000002;1;4;20,5
10000002;1;5;22,9
10000002;1;6;17,3
10000002;1;7;21,6
10000002;1;8;21,5
10000002;1;9;21,9
10000002;1;10;21,9
10000003;1;1;13,4
10000003;1;2;12,9
10000003;1;3;14,4
10000003;1;4;12,1
10000003;1;5;12,4
10000003;1;6;12,7
10000003;1;7;15,0
10000003;1;8;14,7
10000003;1;9;13,9
10000003;1;10;14,3
10000003;1;11;13,4
10000003;1;12;16,5
10000003;1;13;15,5
10000003;1;14;14,7
10000003;1;15;16,1
10000003;1;16;14,1
10000012;1;1;14,8
10000012;1;2;13,7
10000012;1;3;16,4
10000012;1;4;11,0
10000012;1;5;14,3
10000012;1;6;12,4
10000012;1;7;12,5
10000012;1;8;14,6
10000012;1;9;15,2
10000012;1;12;14,1
10000013;1;1;23,6
10000013;1;2;20,8
10000013;1;3;19,8
10000013;1;4;22,0
10000013;1;5;21,1
10000013;1;6;24,2
10000013;1;7;19,4
10000013;1;8;20,7
10000013;1;9;19,4
10000013;1;10;21,3
10000013;1;11;22,2
10000013;1;12;21,5
10000013;1;13;24,0
10000013;1;14;21,5
10000015;1;1;16,3
10000015;1;2;15,1
10000015;1;3;16,0
10000015;1;4;12,8
10000015;1;5;14,4
10000015;1;6;16,1
10000015;1;7;17,0
10000015;1;8;17,6
10000015;1;9;18,2
10000015;1;10;17,2
10000015;1;11;15,2
10000022;1;1;11,5
10000022;1;2;16,5
10000022;1;3;22,4
10000022;1;4;22,4
10000022;1;5;21,0
10000022;1;6;21,9
10000022;1;7;20,9
10000022;1;8;17,5
10000022;1;9;23,8
10000022;1;10;18,5
10000022;1;11;22,6
10000022;1;12;21,8
10000022;1;13;27,6
10000027;1;1;12,3
10000027;1;2;21,5
10000027;1;3;14,7
10000027;1;4;15,3
10000027;1;5;23,3
10000027;1;6;20,7
10000027;1;7;11,7
10000027;1;8;15,7
10000027;1;9;21,8
10000101;1;1;23,6
10000101;1;2;25,1
10000101;1;3;14,4
10000101;1;4;23,2
10000101;1;5;23,6
10000101;1;6;22,7
10000101;1;7;13,1
10000101;1;8;23,8
10000101;1;9;25,4
10000101;1;10;17,3
10000101;1;11;24,4
10000104;1;1;7,6
10000104;1;2;21,1
10000104;1;3;19,4
10000104;1;4;22,9
10000104;1;5;27,0
10000104;1;6;27,7
10000104;1;7;28,4
10000104;1;8;13,5
10000104;1;9;12,8
10000104;1;10;24,0
10000104;1;11;26,1
10000105;1;1;21,5
10000105;1;2;22,2
10000105;1;3;22,3
10000105;1;4;21,8
10000105;1;5;20,0
10000105;1;6;22,8
10000105;1;7;21,6
10000105;1;8;22,7
10000105;1;9;23,6
10000105;1;10;15,3
10000105;1;11;26,8
10000105;1;12;22,5
10000105;1;13;23,5
10000105;1;14;22,8
10000105;1;16;19,0
10000106;1;1;25,0
10000106;1;2;22,7
10000106;1;3;7,4
10000106;1;4;20,2
10000106;1;5;20,4
10000106;1;6;20,4
10000106;1;7;21,3
10000106;1;8;17,2
10000106;1;9;22,6
10000106;1;10;21,2
10000106;1;11;24,1
10000106;1;12;22,8
10000108;1;1;17,0
10000108;1;2;15,6
10000108;1;3;18,2
10000108;1;4;16,2
10000113;1;1;8,9
10000113;1;2;10,6
10000113;1;3;10,8
10000113;1;4;12,6
10000113;1;5;11,1
10000113;1;6;11,5
10000113;1;7;11,2
10000113;1;8;11,2
10000113;1;9;12,6
10000113;1;10;11,1
10000113;1;11;11,5
10000113;1;12;11,0
10000113;1;13;11,3
10000114;1;1;15,0
10000114;1;2;14,5
10000114;1;3;15,1
10000114;1;4;14,4
10000114;1;5;14,4
10000114;1;6;13,9
10000114;1;7;11,7
10000114;1;8;16,6
10000114;1;9;8,1
10000114;1;10;16,1
10000114;1;11;8,1
10000114;1;12;14,0
10000114;1;13;11,9
10000114;1;14;12,5
10000115;1;1;19,0
10000115;1;2;17,7
10000115;1;3;23,7
10000115;1;4;23,4
10000115;1;5;20,6
10000115;1;6;19,1
10000115;1;7;22,3
10000115;1;8;21,6
10000115;1;9;21,5
10000115;1;10;22,7
10000115;1;11;25,3
10000115;1;13;23,5
10000121;1;1;14,9
10000121;1;2;36,1
10000121;1;3;18,9
10000121;1;4;16,7
10000121;1;5;30,2
10000121;1;6;11,3
10000121;1;7;16,0
10000121;1;8;16,7
10000121;1;9;32,7
10000121;1;10;16,5
10000121;1;11;29,5
10000121;1;12;32,2
10000121;1;13;33,4
10000121;1;14;32,8
10000121;1;15;16,8
10000121;1;16;34,7
10000121;1;17;32,2
10000121;1;18;33,9
10000202;1;1;17,1
10000202;1;2;17,5
10000202;1;3;18,0
10000202;1;4;17,3
10000202;1;5;17,2
10000202;1;6;17,2
10000202;1;7;17,7
10000202;1;8;16,6
10000202;1;9;17,6
10000202;1;10;17,8
10000202;1;11;18,2
10000203;1;1;15,2
10000203;1;2;18,2
10000203;1;3;17,0
10000203;1;4;19,1
10000203;1;5;21,5
10000203;1;6;17,1
10000203;1;7;16,9
10000203;1;8;21,4
10000203;1;9;18,1
10000203;1;10;14,1
10000203;1;11;18,1
10000203;1;12;20,7
10000203;1;13;19,9
10000203;1;14;12,3
10000206;1;1;14,2
10000206;1;2;18,6
10000206;1;3;20,2
10000206;1;4;21,8
10000206;1;5;21,4
10000206;1;6;19,7
10000206;1;7;22,4
10000206;1;8;9,5
10000206;1;9;22,3
10000206;1;10;20,6
10000206;1;11;18,6
10000206;1;12;11,9
10000206;1;13;13,7
10000206;1;14;12,5
10000206;1;15;17,1
10000206;1;16;15,2
10000206;1;17;19,3
10000206;1;18;21,6
10000206;1;19;17,6
10000206;1;20;14,7
10000206;1;21;23,1
10000206;1;23;19,9
10000207;1;1;20,3
10000207;1;2;19,2
10000207;1;3;20,8
10000207;1;4;22,1
10000207;1;5;19,3
10000207;1;6;19,2
10000207;1;7;20,3
10000207;1;8;14,0
10000207;1;9;14,3
10000207;1;12;22,9
10000208;1;1;12,8
10000208;1;2;13,3
10000208;1;3;21,6
10000208;1;4;20,6
10000208;1;5;20,9
10000208;1;6;11,8
10000208;1;7;15,3
10000208;1;8;21,6
10000208;1;9;11,5
10000209;1;1;19,3
10000209;1;2;15,9
10000209;1;3;21,6
10000209;1;4;13,3
10000209;1;5;22,7
10000209;1;6;13,0
10000209;1;7;22,0
10000209;1;8;22,7
10000209;1;9;23,3
10000209;1;10;21,0
10000209;1;11;19,2
10000209;1;12;16,9
10000209;1;13;12,1
10000209;1;14;19,2
10000209;1;15;22,6
10000209;1;16;21,5
10000210;1;1;19,6
10000210;1;2;20,1
10000210;1;3;20,2
10000210;1;4;19,8
10000210;1;5;20,4
10000210;1;6;19,7
10000210;1;7;18,6
10000210;1;8;19,9
10000211;1;1;26,5
10000211;1;2;26,2
10000211;1;3;28,4
10000211;1;4;26,6
10000211;1;5;27,4
10000211;1;6;17,4
10000211;1;7;11,3
10000211;1;8;28,0
10000211;1;9;29,7
10000211;1;10;27,6
10000211;1;11;26,8
10000211;1;12;28,4
10000211;1;13;26,7
10000211;1;14;24,7
10000215;1;1;18,9
10000215;1;2;22,9
10000215;1;3;19,9
10000215;1;4;20,5
10000215;1;5;20,4
10000215;1;6;20,7
10000215;1;7;21,7
10000215;1;8;20,5
10000215;1;9;27,3
10000215;1;10;24,9
10000216;1;1;16,5
10000216;1;2;17,4
10000217;1;1;17,3
10000217;1;2;16,5
10000217;1;3;18,2
10000217;1;4;17,0
10000217;1;5;18,2
10000217;1;6;17,9
10000217;1;7;17,1
10000217;1;8;16,2
10000217;1;9;19,0
10000217;1;10;12,9
10000217;1;11;20,8
10000217;1;12;20,3
10000217;1;13;16,8
10000217;1;14;17,2
10000219;1;1;18,1
10000219;1;2;17,4
10000219;1;3;19,2
10000219;1;4;18,5
10000219;1;5;16,8
10000219;1;6;19,7
10000219;1;7;17,7
10000219;1;8;18,6
10000219;1;9;17,9
10000219;1;10;20,9
10000219;1;11;19,8
10000219;1;12;19,5
10000219;1;13;20,9
10000221;1;1;16,9
10000221;1;2;17,2
10000221;1;3;15,2
10000221;1;4;17,8
10000221;1;5;18,8
10000221;1;6;20,7
10000221;1;7;11,7
10000221;1;8;21,2
10000229;1;1;22,1
10000229;1;2;20,8
10000229;1;3;21,5
10000229;1;4;20,5
10000229;1;5;22,7
10000229;1;6;23,1
10000229;1;7;22,1
10000229;1;8;22,1
10000229;1;9;21,5
10000229;1;10;22,4
10000229;1;11;20,7
10000229;1;15;18,9
10000231;1;1;13,3
10000231;1;2;13,8
10000231;1;3;24,3
10000231;1;4;14,6
10000231;1;5;14,3
10000231;1;6;16,9
10000231;1;7;21,3
10000231;1;8;17,0
10000231;1;9;15,0
10000236;1;1;14,5
10000236;1;2;25,5
10000236;1;3;18,3
10000236;1;4;23,6
10000236;1;5;20,8
10000236;1;6;21,1
10000236;1;7;24,1
10000236;1;8;15,3
10000236;1;9;22,6
10000236;1;10;18,7
10000236;1;11;26,5
10000236;1;12;22,9
10000236;1;13;28,8
10000236;1;14;28,9
10000236;1;15;20,8
10000236;1;16;15,6
10000236;1;17;20,8
10000237;1;1;17,5
10000237;1;2;13,9
10000237;1;3;13,6
10000237;1;4;26,6
10000237;1;5;25,9
10000237;1;6;26,7
10000237;1;7;26,0
10000237;1;8;15,2
10000237;1;9;12,1
10000237;1;10;19,5
10000237;1;11;14,3
10000238;1;1;17,7
10000238;1;2;18,2
10000238;1;3;18,2
10000238;1;4;18,0
10000238;1;5;17,6
10000238;1;6;20,5
10000238;1;7;18,6
10000238;1;8;20,1
10000238;1;9;20,9
10000238;1;10;20,2
10000238;1;11;17,7
10000238;1;12;18,0
10000247;1;1;21,9
10000247;1;2;19,4
10000247;1;3;18,4
10000247;1;4;14,1
10000247;1;5;21,0
10000247;1;6;17,9
10000247;1;7;21,1
10000247;1;8;17,3
10000247;1;9;12,2
10000247;1;10;18,1
10000247;1;11;19,0
10000247;1;12;21,7
10000247;1;13;22,2
10000248;1;1;17,3
10000248;1;2;15,5
10000248;1;3;16,8
10000248;1;4;16,4
10000248;1;5;17,9
10000248;1;6;17,4
10000248;1;7;16,7
10000248;1;8;16,3
10000248;1;9;16,3
10000248;1;10;13,8
10000248;1;11;17,7
10000248;1;12;13,3
30000020;1;1;18,2
30000020;1;2;24,9
30000020;1;3;20,9
30000020;1;4;24,3
30000020;1;5;23,2
30000020;1;6;23,1
30000020;1;7;24,7
30000020;1;8;18,8
30000020;1;9;24,8
30000020;1;10;24,4
30000020;1;11;24,2
30000020;1;12;10,8
30000020;1;13;10,3
30000020;1;14;9,0
30000025;1;1;24,4
30000025;1;2;27,5
30000025;1;3;26,5
30000025;1;4;25,7
30000025;1;5;25,8
30000025;1;6;25,6
30000025;1;7;20,3
30000025;1;8;26,5
30000025;1;9;25,7
30000025;1;10;27,2
30000025;1;11;27,3
30000025;1;12;21,0
30000025;1;13;26,0
30000025;1;14;27,0
30000025;1;16;26,8
30000026;1;1;22,8
30000026;1;2;20,5
30000026;1;3;23,0
30000026;1;4;24,6
30000026;1;5;24,2
30000026;1;6;26,5
30000026;1;7;23,1
30000026;1;8;24,0
30000026;1;9;25,6
30000026;1;10;24,2
30000026;1;11;23,1
30000026;1;12;23,8
30000026;1;13;24,4
30000026;1;14;18,8
30000026;1;15;24,1
30000026;1;16;25,4
30000026;1;17;21,6
30000026;1;18;24,0
30000026;1;20;25,4
30000029;1;1;19,0
30000029;1;2;16,5
30000029;1;3;26,5
30000029;1;4;17,4
30000029;1;5;14,2
30000029;1;6;16,6
30000030;1;1;20,8
30000030;1;2;23,2
30000030;1;3;23,2
30000030;1;4;25,1
30000030;1;5;23,8
30000030;1;6;25,3
30000030;1;7;23,8
30000030;1;8;24,8
30000030;1;9;23,0
30000030;1;10;23,3
30000030;1;11;23,7
30000110;1;1;33,6
30000110;1;2;19,5
30000110;1;3;32,8
30000110;1;4;29,8
30000110;1;5;28,2
30000110;1;6;26,7
30000110;1;7;33,7
30000110;1;8;19,8
30000110;1;9;18,2
30000117;1;1;21,2
30000117;1;2;21,7
30000117;1;3;21,9
30000117;1;4;22,2
30000118;1;1;27,3
30000118;1;2;17,7
30000118;1;3;26,2
30000118;1;4;31,8
30000119;1;1;18,6
30000119;1;2;18,6
30000119;1;3;19,0
30000119;1;4;18,2
30000119;1;5;13,9
30000119;1;6;15,6
30000119;1;7;14,7
30000119;1;8;15,3
30000119;1;9;14,2
30000119;1;10;18,9
30000119;1;11;18,6
30000119;1;12;16,1
30000119;1;13;18,7
30000119;1;14;20,6
30000119;1;15;24,3
30000119;1;16;14,6
30000128;1;1;22,2
30000128;1;2;24,5
30000128;1;3;25,9
30000128;1;4;19,5
30000128;1;5;25,1
30000128;1;6;27,9
30000128;1;7;23,8
30000128;1;8;23,6
30000128;1;9;22,0
30000128;1;10;19,8
30000128;1;11;26,7
30000128;1;12;26,2
30000128;1;13;26,8
30000128;1;14;24,4
30000128;1;15;28,8
30000128;1;16;25,6
30000128;1;18;27,5
30000212;1;1;23,3
30000212;1;2;13,7
30000212;1;3;21,5
30000212;1;4;15,2
30000212;1;5;21,0
30000212;1;6;19,1
30000212;1;7;22,4
30000212;1;8;27,7
30000212;1;9;21,2
30000212;1;10;18,5
30000212;1;11;13,7
30000212;1;12;22,0
30000212;1;13;22,2
30000212;1;14;14,6
30000212;1;15;21,8
30000212;1;16;20,0
30000212;1;17;22,7
30000212;1;18;12,7
30000212;1;19;13,1
30000212;1;20;23,5
30000212;1;21;22,7
30000218;1;1;12,6
30000218;1;2;13,0
30000218;1;3;15,7
30000218;1;4;16,4
30000218;1;5;11,0
30000218;1;6;15,5
30000218;1;7;15,3
30000218;1;8;15,2
30000218;1;9;14,5
30000218;1;10;14,5
30000218;1;11;17,1
30000218;1;12;15,7
30000218;1;13;15,4
30000218;1;14;17,0
30000218;1;15;14,9
30000218;1;16;14,5
30000218;1;17;16,3
30000218;1;18;16,9
30000218;1;19;16,2
30000218;1;20;16,7
30000225;1;1;19,9
30000225;1;2;21,5
30000225;1;3;21,3
30000225;1;4;22,4
30000225;1;5;22,7
30000225;1;6;21,6
30000225;1;7;19,2
30000225;1;8;21,8
30000225;1;9;22,2
30000225;1;10;23,9
30000225;1;11;17,5
30000226;1;1;17,6
30000226;1;2;17,9
30000226;1;3;12,4
30000226;1;4;29,1
30000226;1;5;29,0
30000226;1;6;13,9
30000226;1;7;16,1
30000226;1;8;25,2
30000226;1;9;14,6
30000226;1;10;16,8
30000226;1;11;17,3
30000226;1;12;30,4
30000226;1;13;12,3
30000226;1;14;19,1
30000226;1;15;28,3
30000226;1;16;19,3
30000226;1;17;20,2
30000226;1;18;28,9
30000226;1;19;28,2
30000226;1;20;21,4
30000227;1;1;10,4
30000227;1;2;8,1
30000227;1;3;13,6
30000232;1;1;18,3
30000232;1;2;23,1
30000232;1;3;24,3
30000232;1;4;21,2
30000232;1;5;13,9
30000232;1;6;23,0
30000232;1;7;22,9
30000232;1;8;22,8
30000232;1;9;24,0
30000232;1;10;23,0
30000234;1;1;7,5
30000234;1;2;6,8
30000234;1;3;21,9
30000235;1;1;23,6
30000235;1;2;20,0
30000235;1;3;25,3
30000235;1;4;23,4
30000235;1;5;24,8
30000235;1;6;23,5
30000235;1;7;21,9
30000235;1;8;15,6
30000235;1;9;21,3
30000235;1;10;15,1
30000235;1;11;22,6
30000235;1;12;24,3
30000235;1;13;25,0
30000235;1;14;10,4
30000239;1;1;14,2
30000239;1;2;23,3
30000239;1;3;24,7
30000239;1;4;23,5
30000239;1;5;23,3
30000239;1;6;23,7
30000239;1;7;12,5
30000239;1;8;22,3
30000239;1;9;23,5
30000239;1;10;24,1
30000239;1;11;22,2
30000239;1;12;22,6
30000239;1;13;23,6
30000239;1;14;24,0
30000240;1;1;10,5
30000240;1;2;28,6
30000240;1;3;28,5
30000240;1;4;26,7
30000240;1;5;26,5
30000240;1;6;27,8
30000240;1;7;26,5
30000240;1;8;27,7
30000240;1;9;24,1
30000240;1;10;26,9
30000240;1;11;27,6
30000240;1;12;25,0
30000240;1;13;28,0
30000240;1;14;9,3
30000240;1;15;28,1
30000240;1;16;28,5
30000241;1;1;23,6
30000241;1;2;24,1
30000241;1;3;22,9
30000241;1;4;23,6
30000241;1;5;24,6
30000241;1;6;19,4
30000241;1;7;22,1
30000241;1;8;23,0
30000241;1;9;24,2
30000241;1;10;23,9
30000241;1;11;23,9
30000241;1;12;24,6
30000241;1;13;22,8
30000241;1;14;23,7
30000241;1;15;23,7
30000244;1;1;19,7
30000244;1;2;27,2
30000244;1;3;25,7
30000244;1;4;25,6
30000244;1;5;22,4
30000244;1;6;25,8
30000244;1;7;20,4
30000244;1;8;25,5
30000244;1;9;26,8
30000244;1;10;26,4
30000244;1;11;26,3
30000244;1;12;27,5
30000244;1;13;16,9
30000244;1;14;27,1
30000244;1;15;21,5
30000245;1;1;9,7
30000245;1;2;7,0
30000245;1;3;21,1
30000245;1;4;22,3
30000245;1;5;21,3
30000245;1;6;21,7
30000245;1;7;23,8
30000245;1;8;21,3
30000245;1;9;21,2
30000245;1;10;19,4
30000245;1;15;21,4
30000249;1;1;12,5
30000249;1;2;22,3
30000249;1;3;10,5
30000249;1;4;12,1
30000249;1;5;20,3
30000249;1;6;19,7
30000249;1;7;11,9
30000249;1;8;24,0
30000249;1;9;21,2
30000249;1;10;22,5
30000249;1;11;22,9
30000249;1;12;21,3
30000249;1;16;22,9
30000250;1;1;18,5
30000250;1;2;16,6
30000250;1;3;27,2
30000250;1;4;15,9
30000250;1;5;27,2
30000250;1;6;24,9
30000250;1;7;19,2
30000250;1;8;12,7
30000250;1;9;15,8
30000254;1;1;11,0
30000254;1;2;21,7
30000254;1;3;23,1
30000254;1;4;22,4
30000254;1;5;22,9
30000254;1;6;23,3
30000254;1;7;21,6
30000254;1;8;22,4
30000254;1;9;23,0
30000254;1;10;23,3
30000254;1;11;22,4
30000254;1;12;23,8
30000254;1;13;13,8
30000254;1;14;21,6
30000254;1;15;22,2
30000254;1;16;23,2
30000255;1;1;8,6
30000255;1;2;9,4
40000006;1;1;27,6
40000010;1;1;27,4
40000010;1;2;29,1
40000010;1;3;28,4
40000010;1;4;28,5
40000010;1;5;27,1
40000010;1;6;26,8
40000010;1;7;26,5
40000010;1;8;26,8
40000010;1;9;24,8
40000010;1;10;25,7
40000010;1;11;25,9
40000010;1;12;27,5
40000010;1;13;25,7
40000010;1;14;27,4
40000010;1;15;27,0
40000011;1;1;25,3
40000011;1;2;20,0
40000011;1;3;11,0
40000011;1;4;15,9
40000011;1;5;18,0
40000011;1;6;19,9
40000011;1;7;29,7
40000011;1;8;23,8
40000011;1;9;24,5
40000011;1;10;25,3
40000011;1;11;26,8
40000011;1;12;26,0
40000011;1;13;22,1
40000012;1;1;11,7
40000012;1;2;11,6
40000012;1;3;11,1
40000012;1;4;12,5
40000012;1;5;14,1
40000012;1;6;11,7
40000012;1;7;12,3
40000012;1;8;15,4
40000012;1;9;14,2
40000012;1;10;12,4
40000013;1;1;11,7
40000013;1;2;13,4
40000013;1;3;28,7
40000013;1;4;23,8
40000013;1;5;20,7
40000013;1;6;21,2
40000013;1;7;10,1
40000013;1;8;9,6
40000013;1;9;23,6
40000013;1;10;20,5
40000013;1;11;25,1
40000013;1;12;25,7
40000013;1;13;26,4
40000013;1;14;28,8
40000013;1;15;8,2
40000013;1;16;6,7
40000013;1;17;11,5
40000013;1;18;25,2
40000014;1;1;14,1
40000014;1;2;12,3
40000014;1;3;17,9
40000014;1;4;15,1
40000014;1;5;17,2
40000014;1;6;13,1
40000014;1;7;11,5
40000014;1;8;11,9
40000014;1;9;8,9
40000014;1;10;14,4
40000014;1;11;14,4
40000014;1;12;12,7
40000014;1;13;14,4
40000014;1;14;16,0
40000014;1;15;15,4
40000015;1;1;13,8
40000015;1;2;17,2
40000015;1;3;16,4
40000015;1;4;13,5
40000015;1;5;14,0
40000015;1;6;14,6
40000015;1;7;14,9
40000015;1;8;19,4
40000015;1;9;12,4
40000015;1;10;16,6
40000015;1;11;17,2
40000015;1;12;19,0
40000015;1;13;14,4
40000015;1;14;15,6
40000015;1;15;16,0
40000015;1;16;10,3
40000015;1;17;18,7
40000015;1;18;15,6
40000015;1;19;13,0
40000015;1;20;18,4
40000016;1;1;12,6
40000016;1;2;11,3
40000016;1;3;11,4
40000016;1;4;10,6
40000016;1;5;12,6
40000016;1;6;12,3
40000016;1;7;15,0
40000018;1;1;16,5
40000018;1;2;17,5
40000018;1;3;19,0
40000018;1;4;15,7
40000018;1;5;15,7
40000018;1;6;17,4
40000018;1;7;17,4
40000018;1;8;18,3
40000018;1;9;18,8
40000018;1;10;18,3
40000018;1;11;15,9
40000018;1;12;16,9
40000018;1;13;16,8
40000018;1;14;18,9
40000018;1;15;18,4
40000018;1;16;15,4
40000018;1;17;14,9
40000018;1;18;16,7
40000018;1;19;15,6
40000018;1;20;18,7
40000018;1;21;17,4
40000018;1;22;17,8
40000018;1;23;17,6
40000019;1;1;32,4
40000019;1;2;14,8
40000019;1;3;14,9
40000019;1;4;33,1
40000019;1;5;28,0
40000019;1;6;33,9
40000019;1;7;17,1
40000019;1;8;26,5
40000019;1;9;29,2
40000019;1;10;12,9
40000019;1;11;11,7
40000019;1;12;33,1
40000019;1;13;15,4
40000019;1;14;32,5
40000019;1;15;31,6
40000020;1;1;10,6
40000020;1;2;7,0
40000020;1;3;9,5
40000020;1;4;13,0
40000020;1;5;13,9
40000020;1;6;13,1
40000020;1;7;12,2
40000020;1;8;11,2
40000020;1;9;11,3
40000020;1;10;11,0
40000020;1;11;11,6
40000020;1;12;12,2
40000020;1;13;11,5
40000020;1;14;13,7
40000020;1;15;10,9
40000020;1;16;10,7
40000020;1;17;11,0
40000020;1;18;10,6
40000020;1;19;9,0
40000020;1;20;12,4
40000020;1;21;11,2
40000020;1;22;11,5
40000020;1;23;11,6
40000020;1;24;9,1
40000022;1;1;16,3
40000022;1;2;15,6
40000022;1;3;12,8
40000022;1;4;12,2
40000022;1;5;9,1
40000022;1;7;13,3
40000022;1;10;17,3
40000022;1;11;17,4
40000023;1;1;16,9
40000023;1;2;12,2
40000023;1;3;10,8
40000023;1;4;9,9
40000023;1;5;13,0
40000023;1;6;14,3
40000023;1;7;13,2
40000023;1;8;15,8
40000023;1;9;12,5
40000023;1;10;13,5
40000023;1;11;17,2
40000023;1;12;14,8
40000023;1;13;12,4
40000023;1;14;15,9
40000023;1;15;14,0
40000023;1;16;13,8
40000023;1;17;18,3
40000023;1;18;13,0
40000023;1;19;11,9
40000023;1;20;13,2
40000023;1;21;13,0
40000024;1;1;36,6
40000024;1;2;32,8
40000027;1;1;32,8
40000027;1;2;36,7
40000027;1;3;28,0
40000027;1;4;35,6
40000027;1;5;32,9
40000027;1;6;32,3
40000027;1;7;34,9
40000027;1;8;27,4
40000027;1;9;33,7
40000027;1;10;22,5
40000028;1;1;20,4
40000028;1;2;17,2
40000028;1;3;15,7
40000028;1;4;16,0
40000028;1;5;20,2
40000028;1;6;15,5
40000028;1;7;21,7
40000028;1;8;23,4
40000028;1;9;15,0
40000028;1;10;19,7
40000028;1;11;20,9
40000028;1;12;19,8
40000028;1;13;16,8
40000029;1;1;14,8
40000029;1;2;20,4
40000029;1;3;12,3
40000029;1;4;14,5
40000029;1;5;20,6
40000029;1;6;17,6
40000029;1;7;17,1
40000029;1;8;23,4
40000029;1;9;15,1
40000029;1;10;18,7
40000029;1;11;17,0
40000029;1;12;15,1
40000029;1;13;24,1
40000029;1;14;21,2
40000029;1;15;25,2
40000029;1;16;24,0
40000030;1;1;24,3
40000030;1;2;28,4
40000030;1;3;29,2
40000030;1;4;27,3
40000030;1;5;17,0
40000030;1;6;16,4
40000030;1;7;29,5
40000030;1;8;25,3
40000030;1;9;27,0
40000031;1;1;28,4
40000031;1;2;33,1
40000031;1;3;29,9
40000031;1;4;30,0
40000031;1;5;29,5
40000031;1;6;18,3
40000031;1;7;32,3
40000031;1;8;29,7
40000031;1;9;31,5
40000031;1;10;32,2
40000032;1;1;28,0
40000033;1;1;8,5
40000035;1;1;27,1
40000035;1;2;27,9
40000035;1;3;27,8
40000035;1;4;26,7
40000035;1;5;27,0
40000035;1;6;25,9
40000035;1;7;26,3
40000035;1;8;25,2
40000035;1;9;27,3
40000035;1;10;7,5
40000036;1;1;20,4
40000036;1;2;21,6
40000036;1;3;12,0
40000036;1;4;14,2
40000036;1;5;13,4
40000036;1;6;15,4
40000036;1;7;20,9
40000036;1;8;19,7
40000036;1;9;18,7
40000036;1;10;13,1
40000036;1;11;19,0
40000036;1;12;19,3
40000036;1;13;17,8
40000039;1;1;37,2
40000039;1;2;32,5
40000039;1;3;24,4
40000039;1;4;17,8
40000039;1;5;21,8
40000039;1;6;18,2
40000039;1;7;23,3
40000039;1;8;34,0
40000039;1;9;25,9
40000039;1;10;32,6
40000039;1;11;31,1
40000039;1;12;25,8
40000039;1;13;27,8
40000039;1;14;31,6
40000040;1;1;17,9
40000040;1;2;15,7
40000040;1;3;17,9
40000040;1;4;15,0
40000040;1;5;13,9
40000040;1;6;16,6
40000040;1;7;13,1
40000040;1;8;13,5
40000040;1;9;14,4
40000040;1;10;15,4
40000040;1;11;20,8
40000040;1;12;16,0
40000040;1;13;21,2
40000040;1;14;17,8
40000040;1;15;8,9
40000040;1;16;8,5
40000041;1;1;29,4
40000041;1;2;17,0
40000041;1;3;29,6
40000041;1;4;18,6
40000041;1;5;29,3
40000041;1;6;29,7
40000041;1;7;27,3
40000041;1;8;21,9
40000041;1;9;30,0
40000042;1;1;22,6
40000042;1;2;22,6
40000042;1;3;26,3
40000042;1;4;21,4
40000042;1;5;25,2
40000042;1;6;25,2
40000042;1;7;22,6
40000042;1;8;23,3
40000042;1;9;27,2
40000042;1;10;14,3
40000042;1;11;23,0
40000042;1;12;24,3
40000042;1;13;25,4
40000042;1;14;21,1
40000042;1;15;26,7
40000043;1;1;19,7
40000043;1;2;19,7
40000043;1;3;20,4
40000043;1;4;20,1
40000043;1;5;21,5
40000043;1;6;17,7
40000043;1;7;22,5
40000043;1;8;21,0
40000043;1;9;19,4
40000043;1;10;22,5
40000043;1;11;22,8
40000043;1;12;15,0
40000043;1;14;16,0
40000044;1;1;31,5
40000044;1;2;29,6
40000044;1;3;32,2
40000044;1;4;10,5
40000044;1;5;9,5
40000044;1;6;29,4
40000044;1;7;31,7
40000044;1;8;16,8
40000044;1;9;32,0
40000044;1;10;30,6
40000044;1;11;29,0
40000044;1;12;28,4
40000044;1;13;12,8
40000044;1;14;30,3
40000045;1;1;30,1
40000045;1;2;27,8
40000045;1;3;34,5
40000045;1;4;33,9
40000045;1;5;32,9
40000045;1;6;27,6
40000045;1;7;33,8
40000045;1;8;28,3
40000045;1;9;34,0
40000045;1;10;33,8
40000045;1;11;21,5
40000045;1;12;28,0
40000045;1;13;36,7
40000045;1;14;31,2
40000046;1;1;27,0
40000046;1;2;35,7
40000046;1;3;34,1
40000046;1;4;32,4
40000046;1;5;32,7
40000046;1;6;34,3
40000046;1;7;10,4
40000046;1;8;21,7
40000046;1;9;35,7
40000046;1;10;36,7
40000046;1;11;33,9
40000046;1;12;23,3
40000047;1;1;22,6
40000047;1;2;21,4
40000047;1;3;23,7
40000047;1;4;23,5
40000047;1;5;15,0
40000047;1;6;22,8
40000047;1;7;22,7
40000047;1;8;22,7
40000047;1;9;22,4
40000047;1;10;24,9
40000047;1;11;12,6
40000047;1;12;24,1
40000050;1;1;37,2
40000050;1;2;21,3
40000050;1;3;28,6
40000050;1;4;12,8
40000050;1;5;28,9
40000050;1;6;28,1
40000050;1;7;27,8
40000050;1;8;27,2
40000051;1;1;27,4
40000051;1;2;30,3
40000051;1;3;22,6
40000051;1;4;21,7
40000051;1;5;29,7
40000051;1;6;32,6
40000051;1;7;24,5
40000051;1;8;28,5
40000051;1;9;31,4
40000051;1;10;26,5
40000051;1;11;24,8
40000051;1;12;21,9
40000051;1;13;28,9
40000052;1;1;23,8
40000052;1;2;19,2
40000052;1;3;20,4
40000052;1;4;18,0
40000052;1;5;20,3
40000052;1;6;18,5
40000052;1;7;15,5
40000052;1;8;16,4
40000052;1;9;18,7
40000052;1;10;14,5
40000052;1;11;21,6
40000052;1;12;21,7
40000052;1;13;18,9
40000053;1;1;27,1
40000053;1;2;12,6
40000053;1;3;12,3
40000053;1;4;27,3
40000053;1;5;26,8
40000053;1;6;25,7
40000053;1;7;27,2
40000053;1;8;9,1
40000053;1;9;27,1
40000053;1;10;26,4
40000055;1;1;19,1
40000055;1;2;19,0
40000055;1;3;15,5
40000055;1;4;20,3
40000055;1;5;17,8
40000055;1;6;13,6
40000055;1;7;17,0
40000055;1;8;20,5
40000055;1;9;16,4
40000055;1;10;13,2
40000055;1;11;17,3
40000056;1;1;25,2
40000056;1;2;12,8
40000056;1;3;17,5
40000056;1;4;17,1
40000056;1;5;22,0
40000056;1;6;19,1
40000056;1;7;23,0
40000056;1;8;23,1
40000056;1;9;17,0
40000057;1;1;14,3
40000057;1;2;27,6
40000057;1;3;26,5
40000057;1;4;31,4
40000057;1;5;21,9
40000057;1;6;31,1
40000057;1;7;15,5
40000057;1;8;13,7
40000057;1;9;29,7
40000057;1;10;29,4
40000057;1;11;27,4
40000057;1;12;30,4
40000057;1;13;27,8
40000057;1;14;13,4
40000057;1;15;26,4
40000058;1;1;14,8
40000058;1;2;14,2
40000058;1;3;19,6
40000058;1;4;18,4
40000058;1;5;15,0
40000058;1;6;15,9
40000058;1;7;8,9
40000058;1;8;13,7
40000058;1;9;14,4
40000058;1;10;11,9
40000058;1;11;17,8
40000058;1;12;17,4
40000058;1;13;14,8
40000058;1;14;24,3
40000059;1;1;26,7
40000059;1;2;23,0
40000059;1;3;25,5
40000059;1;4;29,7
40000059;1;5;26,5
40000059;1;6;26,7
40000059;1;7;28,4
40000059;1;8;26,5
40000059;1;9;27,5
40000059;1;10;23,2
40000059;1;11;26,1
40000059;1;12;24,7
40000059;1;13;27,1
40000059;1;14;18,8
40000059;1;15;27,0
40000059;1;16;26,5
40000059;1;17;11,5
40000060;1;1;19,2
40000060;1;2;17,4
40000060;1;3;8,1
40000060;1;4;26,3
40000060;1;5;25,8
40000060;1;6;26,2
40000060;1;7;28,7
40000060;1;8;19,4
40000060;1;9;26,5
40000060;1;10;13,5
40000060;1;11;26,2
40000060;1;12;26,5
40000060;1;13;29,8
40000060;1;14;22,1
40000060;1;15;26,0
40000060;1;16;25,7
40000060;1;17;27,4
40000060;1;18;27,2
40000060;1;19;25,7
40000060;1;20;27,0
40000060;1;21;25,9
40000060;1;22;27,5
40000060;1;23;25,4
40000060;1;24;23,9
40000061;1;1;21,6
40000061;1;2;14,7
40000061;1;3;19,4
40000061;1;4;21,3
40000061;1;5;19,2
40000061;1;6;24,8
40000061;1;7;19,6
40000061;1;8;17,5
40000061;1;9;21,6
40000061;1;10;22,1
40000061;1;11;18,7
40000061;1;12;21,3
40000061;1;13;24,2
40000061;1;14;21,4
40000062;1;1;10,0
40000062;1;2;10,5
40000062;1;3;13,3
40000062;1;4;13,0
40000062;1;5;11,9
40000062;1;6;10,9
40000062;1;7;8,6
40000062;1;8;12,7
40000062;1;9;8,1
40000062;1;10;14,1
40000062;1;11;12,8
40000062;1;12;12,6
40000062;1;13;13,1
40000062;1;14;10,2
40000062;1;15;10,4
40000062;1;16;14,0
40000062;1;17;14,1
40000062;1;18;12,8
40000065;1;1;27,1
40000065;1;2;27,4
40000065;1;3;24,8
40000065;1;4;23,9
40000065;1;5;20,4
40000065;1;6;18,9
40000065;1;7;23,9
40000065;1;8;18,6
40000065;1;9;20,5
40000065;1;10;23,7
40000065;1;11;24,5
40000065;1;12;16,1
40000065;1;13;15,7
40000065;1;14;27,9
40000065;1;15;27,3
40000066;1;1;12,4
40000066;1;2;23,6
40000066;1;3;21,9
40000066;1;4;13,6
40000066;1;5;16,2
40000066;1;6;20,7
40000066;1;7;22,9
40000066;1;8;24,9
40000066;1;9;23,9
40000066;1;10;23,3
40000066;1;11;24,4
40000066;1;12;16,0
40000066;1;13;25,1
40000066;1;14;26,7
40000066;1;15;25,2
40000066;1;16;14,4
40000066;1;17;17,6
40000067;1;1;32,0
40000067;1;2;29,9
40000067;1;3;33,1
40000067;1;4;31,0
40000067;1;5;32,9
40000067;1;6;31,9
40000067;1;7;32,2
40000067;1;8;33,2
40000067;1;9;27,2
40000067;1;10;34,2
40000067;1;11;29,1
40000067;1;12;32,2
40000068;1;1;17,8
40000068;1;2;21,3
40000068;1;3;23,8
40000068;1;4;23,2
40000068;1;5;8,3
40000068;1;6;22,1
40000068;1;7;23,7
40000068;1;8;26,4
40000068;1;9;26,3
40000068;1;10;21,7
40000068;1;11;20,4
40000068;1;12;12,6
40000068;1;13;13,5
40000068;1;14;24,6
40000068;1;15;23,4
40000068;1;16;14,4
40000068;1;17;13,3
40000069;1;1;14,0
40000069;1;2;25,2
40000069;1;3;25,4
40000069;1;4;24,1
40000069;1;5;25,6
40000069;1;6;24,5
40000069;1;7;24,2
40000069;1;8;23,3
40000069;1;9;21,0
40000069;1;10;22,3
40000069;1;11;22,5
40000069;1;12;11,5
40000069;1;13;21,7
40000069;1;14;20,9
40000069;1;15;23,9
40000069;1;16;21,6
40000069;1;17;19,0
40000069;1;18;21,0
40000069;1;19;24,1
40000070;1;1;17,2
40000070;1;2;21,7
40000070;1;3;15,9
40000070;1;4;22,1
40000070;1;5;12,8
40000070;1;6;22,5
40000070;1;7;22,5
40000070;1;8;25,6
40000070;1;9;22,0
40000070;1;10;19,9
40000070;1;11;16,7
40000070;1;12;21,2
40000070;1;13;23,7
40000070;1;14;20,9
40000070;1;15;13,0
40000070;1;16;22,2
40000070;1;17;19,1
40000070;1;18;15,2
40000070;1;19;21,3
40000070;1;20;23,3
40000070;1;21;12,8
40000070;1;22;22,8
40000070;1;23;18,9
40000072;1;1;26,6
40000072;1;2;26,6
40000072;1;3;23,5
40000072;1;4;26,8
40000072;1;5;26,7
40000072;1;6;21,3
40000072;1;7;27,8
40000072;1;8;18,8
40000072;1;9;18,4
40000073;1;1;26,0
40000073;1;2;25,4
40000073;1;3;14,8
40000073;1;4;26,7
40000073;1;5;25,9
40000073;1;6;25,3
40000073;1;7;26,4
40000073;1;8;27,1
40000073;1;9;26,6
40000073;1;10;10,2
40000073;1;11;9,4
40000073;1;12;13,6
40000073;1;13;24,5
40000073;1;14;26,0
40000073;1;15;25,5
40000073;1;16;25,4
40000073;1;17;24,3
40000073;1;18;24,6
40000074;1;1;24,4
40000074;1;2;19,9
40000074;1;3;21,7
40000074;1;4;15,0
40000074;1;5;15,4
40000074;1;6;21,4
40000076;1;1;27,1
40000076;1;2;28,5
40000076;1;3;31,7
40000076;1;4;18,2
40000076;1;5;30,1
40000076;1;6;36,0
40000076;1;7;33,8
40000076;1;8;25,6
40000076;1;9;26,4
40000076;1;10;23,9
40000076;1;11;25,1
40000076;1;12;30,2
40000076;1;13;29,6
40000076;1;14;33,4
40000076;1;15;30,3
40000076;1;16;21,7
40000077;1;1;27,9
40000077;1;2;35,7
40000077;1;3;36,5
40000077;1;4;32,1
40000077;1;5;30,7
40000077;1;6;32,0
40000077;1;7;33,5
40000078;1;1;11,7
40000078;1;2;24,8
40000078;1;3;18,2
40000078;1;4;19,7
40000078;1;5;16,8
40000078;1;6;23,0
40000078;1;7;12,6
40000078;1;8;15,8
40000078;1;9;27,2
40000078;1;10;28,0
40000078;1;11;26,8
40000078;1;12;26,7
40000078;1;13;25,9
40000078;1;14;12,6
40000078;1;15;25,1
40000078;1;16;20,7
40000078;1;17;26,5
40000078;1;18;25,5
40000078;1;19;23,1
40000078;1;20;19,3
40000079;1;1;9,3
40000079;1;2;20,2
40000079;1;3;22,3
40000079;1;4;26,6
40000079;1;5;24,7
40000079;1;6;21,8
40000079;1;7;17,6
40000079;1;8;25,5
40000079;1;9;22,9
40000079;1;10;23,2
40000079;1;11;22,2
40000079;1;12;22,9
40000079;1;13;19,5
40000079;1;14;22,0
40000079;1;15;16,8
40000079;1;16;22,7
40000079;1;17;22,3
40000079;1;18;14,4
40000079;1;19;22,6
40000079;1;20;20,5
40000079;1;21;27,3
40000079;1;22;26,6
40000079;1;25;25,9
40000080;1;1;23,4
40000080;1;2;36,7
40000080;1;3;25,0
40000080;1;4;23,4
40000080;1;5;16,3
40000081;1;1;20,2
40000081;1;2;28,5
40000081;1;3;29,2
40000081;1;4;27,7
40000081;1;5;27,7
40000081;1;6;28,7
40000081;1;7;29,0
40000081;1;8;14,6
40000081;1;9;13,5
40000081;1;10;28,8
40000081;1;11;27,4
40000081;1;12;28,4
40000081;1;13;30,3
40000081;1;14;28,2
40000081;1;15;31,0
40000081;1;16;28,0
40000081;1;17;30,2
40000081;1;18;28,0
40000081;1;19;27,5
40000081;1;20;17,4
40000083;1;1;26,8
40000083;1;2;9,3
40000083;1;3;8,3
40000083;1;4;29,3
40000083;1;5;27,5
40000083;1;6;29,3
40000083;1;7;28,3
40000083;1;8;25,8
40000083;1;9;27,2
40000083;1;10;30,5
40000083;1;11;27,1
40000083;1;12;22,9
40000083;1;13;30,8
40000084;1;1;25,1
40000084;1;2;25,7
40000084;1;3;25,1
40000084;1;4;25,4
40000084;1;5;10,6
40000084;1;6;13,0
40000084;1;7;23,3
40000084;1;8;27,0
40000084;1;9;26,4
40000084;1;10;23,8
40000084;1;11;25,8
40000084;1;12;24,3
40000084;1;13;23,1
40000084;1;14;23,9
40000084;1;15;24,9
40000084;1;16;23,9
40000084;1;17;16,0
40000084;1;18;24,9
40000084;1;19;11,5
40000085;1;1;23,7
40000085;1;2;23,2
40000085;1;3;17,9
40000085;1;4;27,3
40000085;1;5;24,7
40000085;1;6;25,7
40000085;1;7;25,1
40000085;1;8;25,2
40000085;1;9;20,5
40000085;1;10;26,0
40000085;1;11;19,8
40000085;1;12;24,2
40000085;1;13;25,4
40000085;1;14;24,9
40000085;1;15;19,4
40000085;1;16;25,6
40000085;1;17;23,8
40000085;1;18;26,0
40000086;1;1;8,2
40000086;1;2;7,0
40000086;1;3;7,7
40000086;1;4;11,3
40000088;1;1;25,5
40000088;1;2;24,5
40000088;1;3;23,8
40000088;1;4;24,4
40000088;1;5;23,7
40000088;1;6;26,3
40000088;1;7;25,3
40000088;1;8;21,3
40000088;1;9;21,2
40000088;1;10;25,9
40000088;1;11;24,3
40000088;1;12;24,5
40000088;1;13;20,8
40000088;1;14;23,7
40000088;1;15;24,6
40000088;1;16;24,8
40000089;1;1;26,7
40000089;1;2;28,5
40000089;1;3;23,5
40000089;1;4;23,9
40000089;1;5;19,0
40000089;1;6;26,9
40000089;1;7;20,8
40000089;1;8;27,6
40000089;1;9;30,0
40000089;1;10;15,9
40000089;1;11;29,8
40000089;1;12;23,9
40000089;1;13;22,8
40000089;1;14;15,6
40000089;1;15;21,5
40000089;1;16;16,2
40000089;1;17;28,5
40000089;1;19;11,7
40000090;1;1;11,4
40000090;1;2;13,1
40000090;1;3;10,8
40000090;1;4;11,8
40000090;1;5;12,3
40000090;1;6;27,5
40000090;1;7;27,9
40000090;1;8;20,1
40000090;1;9;26,4
40000090;1;10;26,4
40000090;1;11;27,5
40000090;1;12;29,5
40000091;1;1;18,2
40000091;1;2;14,5
40000091;1;3;10,9
40000091;1;4;12,6
40000091;1;5;11,8
40000091;1;6;16,0
40000091;1;7;34,6
40000091;1;8;31,2
40000091;1;9;27,5
40000091;1;10;33,9
40000091;1;11;34,0
40000091;1;12;33,6
40000091;1;13;30,2
40000091;1;14;28,6
40000091;1;15;32,7
40000091;1;16;29,4
40000091;1;17;30,8
40000091;1;18;9,7
40000092;1;1;25,9
40000092;1;2;22,1
40000092;1;3;21,8
40000092;1;4;22,6
40000092;1;5;24,2
40000092;1;6;25,5
40000092;1;7;27,2
40000094;1;1;24,2
40000094;1;2;20,4
40000094;1;3;25,0
40000094;1;4;20,8
40000094;1;5;10,8
40000094;1;6;25,7
40000094;1;7;19,9
40000094;1;8;24,5
40000094;1;9;25,0
40000094;1;10;24,3
40000094;1;11;23,1
40000094;1;12;11,6
40000094;1;13;24,6
40000094;1;14;14,4
40000094;1;15;15,7
40000095;1;1;11,9
40000095;1;2;9,8
40000095;1;3;21,1
40000095;1;4;11,8
40000095;1;5;16,7
40000095;1;6;18,0
40000095;1;7;15,3
40000097;1;1;17,0
40000097;1;2;18,9
40000097;1;3;19,0
40000097;1;4;17,5
40000097;1;5;17,2
40000100;1;1;19,1
40000100;1;2;16,9
40000100;1;3;13,7
40000100;1;4;26,7
40000100;1;5;19,1
40000100;1;6;16,2
40000100;1;7;17,8
40000100;1;8;27,4
40000100;1;9;24,8
40000100;1;10;22,0
40000100;1;11;18,3
40000100;1;12;23,0
40000100;1;13;23,6
40000101;1;1;12,1
40000101;1;2;11,7
40000101;1;3;16,2
40000101;1;4;13,4
40000101;1;5;14,9
40000101;1;6;15,8
40000101;1;7;13,3
40000101;1;8;14,1
40000101;1;9;12,3
40000101;1;10;10,5
40000101;1;11;15,0
40000101;1;12;16,6
40000101;1;13;14,8
40000103;1;1;14,3
40000103;1;2;20,3
40000103;1;3;22,5
40000103;1;4;24,4
40000103;1;5;12,5
40000103;1;6;24,6
40000103;1;7;18,3
40000103;1;8;26,1
40000103;1;9;22,9
40000103;1;10;28,1
40000103;1;11;21,7
40000103;1;12;9,3
40000103;1;13;19,0
40000103;1;14;21,1
40000103;1;15;21,1
40000104;1;1;21,1
40000104;1;2;28,6
40000104;1;3;28,3
40000104;1;4;25,9
40000104;1;5;26,0
40000104;1;6;17,4
40000104;1;7;23,8
40000104;1;8;20,6
40000104;1;9;16,5
40000104;1;10;19,7
40000104;1;11;16,7
40000104;1;12;19,4
40000104;1;13;22,6
40000105;1;1;26,8
40000105;1;2;25,0
40000105;1;3;17,0
40000105;1;4;28,6
40000105;1;5;21,2
40000105;1;6;25,9
40000105;1;7;20,8
40000105;1;8;30,5
40000105;1;9;26,6
40000105;1;11;28,8
40000106;1;1;23,6
40000106;1;2;25,4
40000106;1;3;28,1
40000106;1;4;25,3
40000106;1;5;25,8
40000106;1;6;25,6
40000106;1;7;25,9
40000106;1;8;24,1
40000106;1;9;25,3
40000106;1;10;23,7
40000106;1;11;25,3
40000106;1;12;18,4
40000106;1;13;24,2
40000106;1;14;24,9
40000106;1;15;24,6
40000106;1;16;23,9
40000106;1;17;24,1
40000106;1;18;7,0
40000106;1;19;9,0
40000107;1;1;7,2
40000107;1;2;6,9
40000107;1;3;14,6
40000107;1;4;12,1
40000107;1;5;7,1
40000107;1;6;14,8
40000107;1;7;31,5
40000107;1;8;27,1
40000107;1;9;26,7
40000107;1;10;26,3
40000107;1;11;29,5
40000108;1;1;17,8
40000108;1;2;19,3
40000108;1;3;22,3
40000108;1;4;20,4
40000108;1;5;18,9
40000108;1;6;20,5
40000108;1;7;19,5
40000108;1;8;22,8
40000108;1;9;20,4
40000108;1;10;20,1
40000108;1;11;19,8
40000108;1;12;30,1
40000111;1;1;19,9
40000111;1;2;19,8
40000111;1;3;25,8
40000111;1;4;20,0
40000111;1;5;23,3
40000111;1;6;27,4
40000111;1;7;14,7
40000111;1;8;17,0
40000111;1;9;19,3
40000111;1;10;16,6
40000111;1;11;14,0
40000111;1;12;12,0
40000111;1;13;17,1
40000111;1;14;10,2
40000111;1;15;15,7
40000111;1;17;25,9
40000113;1;1;23,7
40000113;1;2;23,0
40000113;1;3;24,3
40000113;1;4;19,8
40000113;1;5;19,9
40000113;1;6;23,8
40000113;1;7;21,9
40000113;1;8;21,7
40000113;1;9;20,6
40000113;1;10;18,9
40000113;1;11;18,3
40000113;1;12;22,3
40000113;1;13;26,1
40000113;1;14;23,2
40000114;1;1;25,6
40000114;1;2;26,5
40000114;1;3;26,0
40000114;1;4;25,8
40000114;1;5;23,4
40000114;1;7;18,2
40000114;1;8;23,4
40000114;1;9;21,1
40000114;1;10;24,9
40000114;1;11;18,8
40000114;1;12;25,1
40000114;1;13;11,4
40000114;1;14;23,8
40000114;1;15;28,6
40000115;1;1;18,1
40000115;1;2;17,0
40000115;1;3;19,2
40000115;1;4;18,2
40000115;1;5;17,0
40000115;1;6;17,9
40000115;1;7;15,3
40000117;1;1;27,8
40000117;1;2;34,7
40000117;1;3;33,5
40000117;1;4;35,6
40000117;1;5;24,7
40000117;1;6;26,5
40000117;1;7;31,8
40000117;1;8;25,4
40000118;1;1;15,1
40000118;1;2;22,7
40000118;1;3;21,5
40000118;1;5;19,6
40000118;1;6;22,4
40000118;1;7;28,5
40000118;1;8;14,5
40000118;1;9;25,2
40000118;1;10;16,3
40000118;1;11;17,4
40000118;1;12;19,7
40000119;1;1;11,1
40000119;1;2;12,4
40000119;1;3;16,8
40000119;1;4;28,3
40000119;1;5;26,9
40000119;1;6;28,3
40000119;1;8;27,7
40000119;1;9;22,1
40000119;1;10;13,6
40000119;1;11;20,1
40000119;1;12;12,3
40000119;1;13;28,1
40000119;1;14;12,4
40000119;1;15;11,4
40000119;1;16;17,8
40000119;1;17;29,0
40000119;1;18;16,4
40000119;1;19;14,2
40000119;1;20;28,4
40000119;1;21;14,6
40000119;1;22;21,9
40000119;1;23;12,4
40000119;1;24;19,2
40000119;1;25;29,4
40000119;1;26;28,3
40000120;1;1;21,3
40000120;1;2;20,4
40000120;1;4;21,2
40000120;1;5;19,7
40000120;1;6;20,5
40000120;1;7;21,9
40000120;1;8;18,5
40000120;1;9;21,7
40000120;1;10;20,4
40000120;1;11;21,3
40000120;1;12;23,4
40000120;1;13;22,7
40000120;1;14;19,9
40000121;1;1;13,2
40000121;1;2;13,6
40000121;1;3;14,9
40000121;1;4;15,1
40000121;1;5;19,1
40000121;1;6;15,7
40000121;1;7;14,9
40000121;1;8;11,2
40000121;1;9;12,4
40000121;1;10;19,7
40000121;1;11;16,1
40000121;1;12;15,8
40000121;1;13;12,4
40000121;1;14;18,8
40000121;1;15;20,6
40000121;1;16;22,4
40000121;1;17;12,8
40000122;1;1;16,8
40000122;1;2;16,9
40000122;1;3;15,3
40000122;1;4;16,9
40000122;1;5;20,5
40000122;1;6;17,0
40000122;1;7;16,4
40000122;1;8;17,4
40000123;1;1;20,1
40000123;1;2;14,6
40000123;1;3;22,7
40000123;1;4;21,9
40000123;1;5;23,5
40000123;1;6;21,1
40000123;1;7;24,1
40000123;1;8;23,3
40000123;1;9;22,1
40000123;1;10;20,4
40000123;1;11;21,9
40000123;1;12;21,3
40000123;1;13;17,6
40000123;1;14;13,6
40000123;1;15;21,4
40000123;1;16;25,4
40000123;1;17;21,5
40000124;1;1;21,1
40000124;1;2;21,0
40000124;1;3;21,0
40000124;1;4;21,8
40000124;1;5;20,9
40000124;1;6;19,7
40000124;1;7;20,5
40000124;1;8;20,7
40000124;1;9;21,0
40000124;1;10;19,0
40000124;1;11;21,4
40000124;1;12;21,4
40000124;1;13;16,8
40000124;1;14;13,7
40000124;1;16;15,6
40000202;1;1;30,0
40000202;1;2;24,5
40000202;1;3;20,4
40000202;1;4;25,1
40000202;1;5;23,1
40000202;1;6;25,0
40000202;1;7;27,5
40000202;1;8;23,7
40000202;1;9;16,4
40000202;1;10;28,1
40000202;1;11;23,4
40000202;1;12;25,2
40000202;1;13;23,3
40000202;1;14;24,3
40000202;1;15;24,7
40000202;1;16;24,3
40000202;1;17;24,5
40000202;1;18;26,4
40000202;1;19;19,3
40000202;1;20;28,5
40000203;1;1;26,7
40000203;1;2;26,0
40000203;1;3;24,3
40000203;1;4;26,1
40000203;1;5;28,5
40000203;1;6;24,9
40000203;1;7;22,2
40000203;1;8;28,4
40000203;1;9;14,3
40000203;1;10;17,9
40000203;1;11;7,5
40000203;1;12;14,1
40000203;1;13;24,6
40000204;1;1;18,5
40000204;1;2;12,5
40000204;1;3;16,3
40000204;1;4;13,8
40000204;1;5;14,6
40000204;1;6;13,3
40000204;1;7;19,6
40000204;1;8;16,9
40000204;1;9;16,5
40000204;1;10;14,2
40000204;1;11;14,4
40000204;1;12;12,8
40000204;1;13;12,5
40000204;1;14;16,0
40000204;1;15;15,9
40000204;1;16;15,3
40000205;1;1;14,8
40000205;1;2;14,0
40000205;1;3;14,5
40000205;1;4;25,7
40000205;1;5;15,3
40000205;1;6;11,3
40000205;1;7;14,0
40000205;1;8;14,8
40000205;1;9;29,5
40000205;1;10;29,2
40000205;1;11;25,4
40000207;1;1;23,8
40000207;1;2;25,9
40000207;1;3;28,7
40000207;1;4;24,9
40000207;1;5;19,0
40000208;1;1;17,2
40000208;1;2;17,4
40000208;1;3;16,6
40000208;1;4;15,1
40000208;1;5;17,7
40000208;1;6;16,5
40000208;1;7;15,0
40000208;1;8;9,7
40000208;1;9;19,5
40000208;1;10;17,1
40000208;1;11;16,9
40000209;1;1;27,9
40000209;1;2;27,8
40000209;1;3;27,7
40000209;1;4;10,4
40000209;1;5;11,5
40000209;1;6;11,2
40000209;1;7;13,7
40000209;1;8;31,1
40000209;1;9;31,7
40000209;1;10;14,1
40000209;1;11;31,7
40000209;1;12;30,0
40000209;1;13;31,4
40000209;1;14;27,1
40000209;1;15;29,2
40000213;1;1;23,8
40000213;1;2;22,5
40000213;1;3;23,0
40000213;1;4;28,7
40000213;1;5;21,9
40000213;1;6;27,1
40000213;1;7;18,1
40000213;1;8;27,3
40000213;1;9;27,9
40000213;1;10;19,2
40000213;1;11;27,1
40000213;1;12;27,9
40000213;1;13;26,5
40000214;1;1;9,7
40000214;1;2;35,0
40000214;1;3;22,5
40000214;1;4;31,7
40000214;1;5;22,7
40000214;1;6;24,9
40000214;1;7;24,3
40000215;1;1;6,2
40000215;1;2;13,2
40000215;1;3;13,1
40000215;1;4;13,4
40000215;1;5;13,9
40000215;1;6;10,8
40000215;1;7;7,5
40000215;1;8;7,8
40000215;1;9;9,9
40000215;1;10;11,4
40000215;1;11;11,4
40000216;1;1;28,2
40000216;1;2;24,9
40000216;1;3;29,3
40000216;1;4;26,1
40000216;1;5;27,4
40000216;1;6;22,0
40000216;1;7;28,3
40000216;1;8;28,3
40000216;1;9;29,7
40000216;1;10;30,2
40000216;1;11;28,0
40000216;1;12;26,1
40000216;1;13;26,7
40000218;1;1;18,2
40000218;1;2;8,6
40000218;1;3;11,8
40000218;1;4;24,0
40000218;1;5;15,4
40000218;1;6;20,6
40000218;1;7;23,5
40000218;1;8;19,0
40000218;1;9;20,9
40000218;1;10;19,5
40000218;1;11;18,9
40000218;1;12;16,9
40000218;1;13;22,8
40000218;1;14;23,7
40000218;1;15;17,9
40000218;1;16;25,3
40000218;1;17;19,6
40000218;1;18;15,8
40000219;1;1;24,0
40000219;1;2;13,9
40000219;1;3;26,8
40000219;1;4;26,2
40000219;1;5;26,9
40000219;1;6;27,1
40000219;1;7;22,8
40000219;1;8;22,6
40000219;1;9;12,0
40000219;1;10;18,4
40000219;1;11;23,9
40000219;1;12;23,1
40000219;1;13;28,2
40000219;1;14;23,7
40000219;1;15;26,3
40000219;1;16;13,3
40000219;1;17;16,2
40000219;1;18;30,7
40000220;1;1;32,6
40000220;1;2;13,9
40000220;1;3;31,8
40000220;1;4;34,6
40000220;1;5;35,6
40000220;1;6;34,5
40000220;1;7;33,7
40000220;1;8;10,6
40000220;1;9;8,6
40000220;1;10;12,7
40000220;1;11;10,0
40000220;1;12;33,9
40000220;1;13;33,4
40000220;1;14;34,8
40000220;1;15;11,0
40000220;1;16;11,8
40000220;1;17;35,1
40000220;1;18;35,4
40000220;1;19;32,4
40000221;1;1;28,2
40000221;1;2;28,6
40000221;1;3;29,0
40000221;1;4;15,0
40000221;1;5;18,3
40000223;1;1;37,3
40000223;1;2;33,6
40000223;1;3;38,5
40000223;1;4;23,5
40000223;1;5;29,8
40000223;1;6;37,7
40000223;1;7;37,4
40000223;1;8;32,2
40000223;1;9;35,1
40000223;1;10;39,7
40000223;1;11;37,7
40000223;1;12;37,8
40000223;1;13;36,8
40000223;1;14;37,2
40000223;1;15;35,3
40000223;1;16;34,7
40000224;1;1;29,6
40000224;1;2;30,4
40000224;1;3;34,1
40000224;1;4;33,1
40000224;1;5;32,6
40000224;1;6;27,8
40000224;1;7;33,4
40000224;1;8;30,5
40000224;1;10;29,6
40000224;1;11;33,4
40000224;1;13;31,8
40000224;1;14;36,1
40000224;1;15;23,7
40000224;1;16;34,1
40000225;1;1;22,9
40000225;1;2;19,9
40000225;1;3;22,6
40000225;1;4;23,9
40000225;1;5;19,7
40000225;1;6;19,2
40000225;1;7;22,2
40000225;1;8;22,2
40000225;1;9;22,0
40000225;1;10;23,9
40000225;1;11;24,1
40000225;1;12;23,7
40000225;1;13;24,7
40000225;1;14;23,9
40000225;1;15;23,4
40000225;1;16;22,8
40000225;1;17;24,2
40000225;1;18;20,6
40000225;1;19;12,8
40000225;1;20;8,0
40000226;1;1;23,3
40000228;1;1;20,6
40000228;1;2;26,8
40000228;1;3;29,8
40000228;1;4;28,7
40000228;1;5;25,1
40000228;1;6;27,3
40000228;1;7;28,7
40000228;1;8;24,2
40000228;1;9;19,1
40000228;1;10;23,5
40000228;1;11;26,3
40000228;1;12;19,1
40000228;1;13;25,7
40000228;1;14;26,6
40000228;1;15;30,1
40000228;1;16;27,2
40000228;1;17;26,9
40000229;1;1;25,5
40000229;1;2;23,6
40000229;1;3;28,9
40000229;1;4;25,4
40000229;1;5;16,4
40000229;1;6;16,0
40000229;1;7;19,4
40000229;1;8;20,6
40000229;1;9;22,9
40000229;1;10;15,7
40000229;1;11;17,9
40000229;1;12;23,3
40000229;1;13;18,0
40000229;1;14;15,4
40000229;1;15;20,5
40000229;1;16;17,1
40000229;1;17;17,4
40000229;1;18;24,2
40000229;1;19;26,7
40000229;1;20;16,2
40000229;1;21;26,1
40000229;1;22;25,6
40000229;1;23;29,1
40000230;1;1;11,6
40000230;1;2;37,6
40000230;1;3;11,4
40000230;1;4;13,8
40000230;1;5;11,1
40000230;1;6;36,2
40000230;1;7;30,5
40000230;1;8;40,0
40000230;1;9;35,6
40000230;1;10;18,4
40000230;1;11;36,1
40000230;1;12;33,7
40000231;1;1;16,5
40000231;1;2;20,7
40000231;1;3;21,7
40000231;1;4;23,3
40000231;1;5;21,8
40000231;1;6;21,6
40000231;1;7;24,8
40000231;1;8;20,7
40000231;1;9;17,1
40000231;1;10;24,6
40000231;1;11;22,6
40000231;1;12;13,1
40000231;1;13;23,4
40000231;1;14;23,4
40000231;1;15;19,0
40000231;1;16;19,6
40000231;1;17;20,5
40000232;1;1;27,7
40000232;1;2;25,6
40000232;1;3;27,0
40000232;1;4;27,2
40000232;1;5;27,0
40000232;1;6;25,4
40000232;1;7;21,8
40000232;1;8;30,5
40000232;1;9;27,3
40000232;1;10;23,4
40000232;1;11;26,8
40000232;1;12;28,8
40000232;1;13;28,9
40000232;1;14;27,8
40000232;1;15;28,6
40000232;1;16;29,5
40000232;1;17;26,2
40000232;1;23;27,8
40000233;1;1;23,0
40000233;1;2;22,4
40000233;1;3;23,3
40000233;1;4;22,9
40000233;1;5;24,2
40000233;1;6;24,2
40000233;1;7;22,8
40000233;1;8;24,5
40000233;1;9;24,0
40000233;1;10;24,9
40000233;1;11;23,2
40000233;1;12;13,2
40000233;1;13;24,3
40000233;1;14;24,4
40000233;1;15;21,8
40000233;1;16;12,7
40000233;1;17;16,1
40000233;1;18;22,0
40000233;1;19;23,8
40000233;1;20;22,7
40000233;1;21;21,5
40000234;1;1;20,9
40000234;1;2;21,6
40000234;1;3;21,9
40000234;1;4;19,1
40000234;1;5;22,3
40000234;1;6;22,2
40000234;1;7;21,5
40000234;1;8;21,3
40000235;1;1;20,0
40000235;1;2;18,8
40000235;1;3;20,2
40000235;1;4;19,6
40000235;1;5;14,8
40000235;1;6;25,4
40000235;1;7;17,4
40000235;1;8;16,9
40000235;1;9;15,7
40000235;1;10;11,1
40000235;1;11;17,6
40000235;1;12;22,2
40000235;1;13;15,0
40000235;1;14;25,0
40000237;1;1;8,4
40000237;1;2;11,5
40000237;1;3;7,1
40000237;1;4;11,5
40000237;1;5;12,9
40000237;1;6;15,1
40000237;1;7;16,6
40000240;1;1;25,5
40000240;1;2;23,5
40000240;1;3;30,9
40000240;1;4;23,3
40000240;1;5;25,7
40000240;1;6;26,9
40000240;1;7;23,5
40000240;1;8;11,3
40000241;1;1;28,0
40000242;1;1;14,6
40000242;1;2;18,1
40000242;1;3;21,6
40000242;1;4;20,3
40000242;1;5;19,5
40000242;1;6;13,0
40000242;1;7;18,4
40000242;1;8;19,2
40000242;1;9;17,7
40000242;1;10;18,9
40000242;1;11;19,7
40000242;1;12;20,8
40000242;1;13;20,7
40000242;1;14;14,6
40000242;1;15;17,2
40000242;1;16;12,0
40000242;1;17;8,6
40000245;1;1;31,2
40000245;1;2;29,4
40000245;1;3;10,6
40000245;1;4;13,8
40000245;1;5;17,9
40000245;1;6;29,4
40000245;1;7;29,4
40000245;1;8;29,4
40000245;1;9;29,4
40000245;1;10;29,4
40000245;1;11;26,5
40000245;1;12;23,3
40000245;1;13;21,7
40000245;1;14;25,3
40000245;1;15;29,4
40000245;1;16;27,3
40000245;1;18;31,0
40000246;1;1;26,3
40000246;1;2;37,3
40000246;1;3;21,7
40000246;1;4;37,8
40000246;1;5;28,8
40000246;1;6;39,7
40000246;1;7;26,6
40000246;1;8;31,1
40000246;1;9;7,5
40000247;1;1;19,0
40000247;1;2;9,4
40000247;1;3;19,2
40000247;1;4;16,8
40000247;1;5;13,7
40000247;1;6;18,5
40000247;1;7;15,9
40000247;1;8;17,5
40000247;1;9;19,7
40000247;1;10;20,6
40000247;1;11;16,2
40000247;1;12;10,1
40000248;1;1;23,5
40000248;1;2;13,6
40000248;1;3;16,3
40000248;1;4;17,7
40000251;1;1;23,5
40000251;1;2;21,2
40000251;1;3;23,2
40000251;1;4;18,7
40000251;1;5;16,1
40000251;1;6;19,1
40000251;1;7;23,6
40000251;1;8;19,9
40000251;1;9;23,7
40000251;1;10;19,1
40000251;1;11;15,9
40000251;1;12;22,9
40000251;1;13;16,3
40000251;1;14;24,8
40000251;1;15;23,9
40000251;1;16;21,3
40000251;1;17;24,5
40000251;1;18;25,6
40000251;1;19;25,7
40000251;1;20;25,8
40000251;1;21;15,8
40000251;1;22;21,3
40000251;1;23;21,9
40000252;1;1;19,4
40000252;1;2;24,8
40000252;1;3;25,7
40000252;1;4;26,4
40000252;1;5;25,5
40000252;1;6;23,4
40000252;1;7;22,4
40000252;1;8;19,1
40000252;1;9;26,2
40000252;1;10;20,1
40000252;1;11;23,7
40000252;1;12;27,5
40000252;1;13;26,1
40000252;1;14;25,9
40000252;1;15;24,6
40000253;1;1;23,2
40000253;1;2;29,1
40000253;1;3;28,4
40000253;1;4;30,1
40000253;1;5;28,2
40000253;1;6;27,5
40000253;1;7;29,9
40000253;1;8;25,9
40000253;1;9;26,8
40000253;1;10;29,0
40000253;1;11;29,1
40000253;1;12;23,7
40000253;1;13;28,0
40000253;1;14;28,0
40000253;1;15;26,9
40000253;1;16;26,7
40000253;1;17;26,3
40000253;1;18;30,6
40000254;1;1;35,4
40000254;1;2;34,4
40000254;1;3;31,9
40000254;1;4;33,7
40000254;1;5;37,8
40000254;1;6;29,3
40000254;1;7;25,4
40000254;1;8;25,1
40000254;1;9;30,1
40000254;1;10;32,6
40000254;1;11;30,9
40000254;1;12;29,4
40000254;1;13;27,0
40000254;1;14;26,9
40000254;1;15;30,2
40000254;1;16;22,6
40000254;1;17;29,1
40000254;1;18;27,3
40000254;1;19;27,4
40000254;1;20;30,6
40000254;1;21;32,0
40000254;1;22;13,1
40000256;1;1;10,1
40000256;1;2;15,9
40000256;1;3;15,6
40000256;1;4;22,9
40000256;1;5;13,7
40000256;1;6;16,0
40000256;1;7;19,1
40000256;1;8;9,2
40000256;1;9;10,1
40000256;1;10;18,0
40000256;1;11;15,7
40000256;1;12;18,4
40000256;1;13;14,2
40000256;1;14;15,3
40000256;1;15;12,7
40000256;1;16;17,0
40000256;1;17;15,5
40000257;1;1;28,5
40000257;1;2;31,1
40000257;1;3;28,5
40000257;1;4;30,4
40000257;1;5;28,5
40000257;1;7;22,6
40000257;1;8;29,1
40000257;1;10;29,6
40000258;1;1;12,4
40000258;1;2;18,2
40000258;1;3;11,8
40000258;1;4;19,1
40000258;1;5;18,9
40000258;1;6;19,6
40000258;1;7;20,0
40000258;1;8;17,2
40000258;1;9;16,7
40000258;1;10;20,6
40000258;1;11;19,0
40000258;1;12;19,1
40000258;1;13;21,3
40000258;1;14;18,6
40000258;1;15;7,3
40000258;1;16;8,4
40000258;1;17;18,3
40000258;1;18;19,4
40000258;1;19;19,2
40000258;1;20;13,1
40000258;1;21;17,3
40000259;1;1;12,5
40000259;1;2;14,9
40000259;1;3;19,2
40000259;1;4;20,0
40000259;1;5;19,2
40000259;1;6;15,1
40000259;1;7;13,6
40000259;1;8;16,2
40000259;1;9;17,4
40000259;1;10;17,8
40000259;1;11;16,9
40000259;1;12;14,5
40000259;1;13;18,8
40000259;1;14;19,2
40000259;1;15;14,9
40000259;1;16;13,9
40000259;1;17;20,1
40000259;1;18;9,4
40000259;1;19;11,8
40000259;1;20;9,1
40000260;1;1;35,7
40000260;1;2;28,0
40000260;1;3;24,6
40000260;1;4;13,1
40000260;1;5;19,9
40000260;1;6;15,7
40000260;1;7;32,1
40000260;1;8;32,0
40000260;1;9;26,5
40000260;1;10;29,1
40000260;1;11;32,5
40000260;1;12;26,8
40000260;1;13;19,8
40000260;1;14;17,5
40000260;1;15;32,3
40000260;1;16;30,7
40000260;1;17;32,1
40000260;1;18;33,0
40000260;1;19;15,7
40000260;1;20;35,0
40000260;1;21;32,8
40000260;1;22;27,0
40000261;1;1;20,0
40000261;1;2;22,9
40000261;1;3;22,2
40000261;1;4;19,8
40000261;1;5;20,8
40000261;1;6;21,7
40000261;1;7;20,5
40000261;1;8;20,2
40000261;1;9;20,3
40000261;1;10;17,8
40000261;1;11;22,3
40000261;1;12;20,5
40000261;1;13;21,7
40000261;1;14;21,3
40000261;1;15;20,0
40000261;1;16;19,4
40000262;1;1;16,1
40000262;1;2;23,4
40000262;1;3;22,9
40000262;1;4;19,7
40000262;1;5;27,0
40000262;1;6;27,8
40000262;1;7;25,7
40000262;1;8;33,7
40000262;1;9;34,0
40000262;1;10;21,3
40000262;1;11;27,8
40000262;1;12;29,8
40000262;1;13;22,7
40000262;1;14;27,0
40000262;1;15;29,5
40000262;1;16;25,1
40000262;1;17;21,6
40000263;1;1;19,0
40000263;1;2;13,1
40000263;1;3;17,9
40000263;1;4;19,4
40000263;1;5;19,3
40000263;1;6;16,4
40000263;1;7;14,9
40000263;1;8;15,4
40000263;1;9;18,5
40000263;1;11;19,0
40000263;1;13;11,9
40000263;1;14;16,3
60000107;1;1;27,6
60000107;1;2;22,4
60000107;1;3;33,1
60000107;1;4;27,0
60000107;1;5;25,4
60000107;1;6;16,8
60000107;1;7;16,8
60000107;1;8;35,2
60000107;1;9;16,8
60000107;1;10;29,0
60000107;1;11;26,4
60000107;1;13;32,6
60000107;1;14;14,3
60000107;1;15;19,9
60000107;1;16;29,0
60000107;1;17;30,6
60000109;1;1;12,2
60000109;1;3;17,1
60000109;1;4;11,6
60000109;1;5;17,6
60000109;1;6;10,5
60000109;1;7;13,1
60000109;1;8;14,9
60000109;1;9;15,4
60000109;1;10;12,2
60000109;1;11;11,6
60000109;1;12;12,6
60000109;1;13;10,2
60000109;1;14;14,0
60000109;1;15;15,4
60000109;1;16;11,6
60000109;1;17;11,6
60000109;1;18;14,5
60000109;1;19;11,6
60000109;1;20;11,6
60000109;1;21;13,1
60000109;1;22;6,9
60000111;1;1;27,2
60000111;1;2;26,7
60000111;1;3;34,1
60000111;1;4;17,9
60000111;1;5;35,7
60000111;1;6;26,7
60000111;1;7;27,4
60000116;1;1;34,6
60000116;1;2;18,1
60000116;1;3;32,7
60000116;1;4;33,6
60000116;1;5;36,0
60000116;1;6;30,3
60000116;1;7;32,2
60000116;1;8;9,3
60000116;1;9;31,3
60000116;1;10;33,9
60000116;1;11;31,6
60000116;1;12;28,6
60000116;1;13;33,8
60000116;1;14;35,0
60000116;1;15;30,0
60000116;1;16;34,3
60000116;1;17;18,7
60000116;1;19;13,0
60000116;1;21;34,4
60000116;1;23;28,6
60000116;1;24;33,3
60000118;1;1;26,6
60000118;1;2;25,8
60000118;1;3;30,4
60000118;1;5;27,9
60000118;1;6;25,5
60000118;1;7;23,4
60000118;1;9;27,4
60000118;1;10;23,4
60000118;1;11;23,8
60000118;1;12;20,4
60000118;1;13;29,7
60000118;1;14;26,2
60000118;1;15;27,4
60000118;1;16;21,5
60000118;1;18;25,5
60000118;1;19;29,5
60000118;1;20;22,3
60000118;1;21;29,5
60000118;1;22;18,1
60000118;1;23;25,1
60000118;1;24;16,2
60000118;1;25;29,7
60000118;1;26;26,8
60000118;1;27;24,3
60000121;1;1;17,4
60000121;1;2;13,2
60000121;1;3;16,8
60000121;1;4;16,0
60000121;1;5;18,1
60000121;1;6;19,6
60000121;1;7;10,7
60000121;1;8;23,3
60000121;1;9;22,3
60000121;1;10;13,2
60000121;1;11;14,7
60000121;1;12;17,3
60000121;1;13;24,8
60000121;1;14;15,4
60000124;1;1;30,2
60000124;1;2;28,5
60000124;1;3;29,3
60000124;1;4;29,9
60000124;1;5;31,4
60000124;1;6;30,7
60000124;1;7;32,3
60000124;1;8;28,3
60000124;1;9;31,4
60000124;1;10;13,7
60000124;1;11;10,5
60000124;1;12;7,3
60000124;1;13;31,2
60000124;1;14;34,2
60000124;1;15;32,2
60000124;1;16;30,2
60000124;1;17;31,3
60000124;1;18;31,2
60000124;1;19;29,4
60000124;1;20;29,5
60000124;1;21;26,2
60000127;1;2;25,4
60000127;1;3;25,1
60000127;1;5;26,9
60000129;1;1;24,4
60000129;1;2;13,5
60000129;1;4;31,5
60000129;1;5;28,8
60000129;1;6;25,2
60000129;1;7;30,9
60000129;1;8;28,4
60000129;1;9;26,4
60000129;1;10;24,4
60000129;1;11;28,0
60000129;1;12;13,0
60000131;1;1;38,4
60000131;1;2;36,6
60000131;1;4;36,3
60000131;1;7;34,9
60000131;1;8;37,8
60000131;1;9;35,0
60000137;1;1;17,4
60000137;1;2;20,2
60000137;1;3;18,9
60000137;1;4;15,6
60000137;1;5;15,7
60000137;1;6;26,1
60000137;1;7;20,7
60000137;1;8;26,1
60000137;1;9;20,5
60000137;1;10;16,7
60000137;1;11;26,7
60000137;1;12;25,8
60000137;1;13;18,6
60000137;1;14;26,0
60000137;1;15;8,8
60000520;1;1;13,8
60000520;1;3;14,1
60000520;1;5;17,8
60000520;1;6;13,6
60000520;1;7;13,6
60000520;1;8;19,5
60000520;1;9;9,9
60000520;1;10;14,1
60000523;1;1;13,9
60000523;1;2;9,6
60000523;1;3;9,6
60000523;1;4;10,6
60000523;1;5;11,6
60000523;1;6;7,3
60000523;1;7;8,5
60000523;1;8;14,6
60000523;1;9;12,4
60000523;1;10;13,9
60000523;1;11;12,9
60000531;1;9;21,6
60000531;1;10;16,9
60000531;1;11;31,5
60000531;1;12;20,3
60000531;1;13;19,9
60000531;1;14;28,8
60000531;1;15;18,0
60000531;1;16;17,2
60000531;1;17;17,8
60000531;1;18;21,1
60000531;1;19;21,0
60000531;1;20;21,7
60000531;1;21;20,6
60000531;1;22;21,6
60000531;1;23;19,2
60000535;1;1;12,3
60000535;1;2;18,9
60000535;1;4;32,6
60000535;1;5;29,1
60000535;1;6;12,3
60000535;1;7;28,2
60000535;1;8;19,6
60000535;1;10;22,3
60000535;1;11;27,8
60000535;1;12;29,7
60000535;1;13;27,5
60000535;1;14;28,2
60000535;1;16;18,9
60000535;1;17;28,5
60000536;1;1;26,4
60000536;1;2;28,4
60000536;1;3;22,4
60000536;1;4;30,2
60000536;1;5;31,4
60000536;1;6;40,6
60000536;1;7;28,2
60000536;1;9;28,2
60000536;1;10;38,3
60000536;1;11;30,6
60000536;1;12;31,9
60000536;1;13;29,6
60000536;1;14;38,0
60000536;1;15;23,5
60000538;1;1;11,1
60000538;1;2;8,8
60000538;1;3;8,8
60000553;1;1;17,4
60000553;1;2;21,0
60000553;1;3;17,8
60000553;1;4;27,5
60000553;1;6;27,3
60000553;1;7;14,7
60000553;1;9;28,0
60000553;1;10;26,4
60000553;1;12;26,7
60000553;1;13;27,3
60000553;1;16;33,0
60000553;1;17;22,4
60000553;1;18;28,2
60000553;1;19;23,9
60000553;1;20;22,7
60000555;1;1;25,1
60000555;1;2;25,2
60000555;1;3;26,5
60000555;1;4;22,4
60000555;1;5;19,4
60000555;1;7;26,7
60000555;1;8;25,7
60000555;1;9;13,6
60000555;1;10;14,8
60000555;1;12;25,1
60000555;1;13;23,3
60000555;1;14;25,6
60000555;1;15;25,2
60000563;1;1;19,7
60000563;1;2;17,2
60000563;1;3;19,3
60000563;1;4;19,3
60000563;1;5;19,3
60000563;1;6;20,8
60000563;1;7;14,5
60000563;1;9;19,3
60000563;1;10;17,8
60000563;1;11;16,9
60000563;1;12;18,6
60000563;1;13;17,8
60000563;1;14;11,2
60000563;1;15;15,8
60000575;1;1;37,0
60000575;1;2;33,2
60000575;1;3;38,9
60000575;1;4;38,9
60000575;1;6;37,9
60000575;1;7;39,5
60000575;1;8;37,4
60000575;1;9;38,5
60000575;1;10;33,0
60000575;1;11;38,9
60000575;1;12;31,7
60000576;1;1;30,5
60000576;1;2;29,3
60000576;1;3;27,9
60000576;1;4;27,7
60000576;1;5;26,4
60000576;1;6;30,9
60000576;1;7;30,2
60000576;1;8;27,6
60000576;1;9;30,7
60000576;1;10;21,8
60000576;1;11;28,4
60000576;1;12;22,7
60000576;1;13;12,3
60000589;1;2;26,0
60000589;1;3;32,6
60000589;1;4;28,9
60000589;1;5;22,9
60000589;1;6;33,4
60000589;1;7;33,8
60000589;1;9;16,9
60000589;1;10;35,1
60000589;1;12;18,2
60000589;1;13;25,7
60000590;1;1;17,8
60000590;1;3;24,4
60000590;1;4;24,1
60000590;1;5;24,9
60000590;1;6;26,3
60000590;1;7;21,5
60000590;1;9;20,5
60000590;1;10;24,4
60000590;1;11;18,8
60000590;1;12;20,0
60000590;1;13;18,1
60000590;1;14;18,1
60000590;1;15;16,6
60000590;1;17;18,8
60000590;1;18;18,1
60000590;1;19;17,3
60000596;1;1;24,5
60000596;1;8;21,3
60000596;1;13;23,4
60000611;1;1;15,6
60000611;1;2;14,7
60000611;1;3;15,0
60000611;1;4;14,7
60000611;1;5;12,5
60000611;1;6;13,2
60000611;1;7;18,5
60000611;1;8;12,9
60000611;1;9;13,2
60000611;1;10;11,2
60000612;1;5;28,9
60000612;1;7;30,0
60000612;1;8;29,8
60000612;1;9;29,2
60000612;1;10;30,0
60000615;1;1;33,5
60000615;1;2;29,8
60000615;1;3;30,5
60000615;1;5;30,8
60000615;1;6;29,8
60000615;1;7;22,0
60000615;1;8;30,1
60000615;1;9;29,6
60000615;1;11;30,3
60000615;1;12;30,9
60000615;1;13;28,3
60000615;1;14;27,2
60000615;1;15;18,9
60000615;1;16;31,1
60000625;1;2;28,8
60000625;1;4;29,1
60000625;1;8;27,0
60000625;1;10;28,2
60000625;1;11;27,9
60000627;1;1;15,5
60000627;1;2;19,1
60000627;1;4;17,5
60000627;1;6;16,2
60000627;1;7;21,6
60000627;1;9;18,1
60000627;1;10;14,8
60000627;1;11;16,2
60000627;1;12;14,0
60000627;1;13;18,1
60000627;1;14;17,5
60000627;1;15;17,5
60000627;1;16;18,1
60000627;1;18;11,2
60000627;1;19;15,5
60000627;1;20;15,5
60000627;1;21;14,2
60000632;1;1;21,8
60000632;1;2;10,6
60000632;1;4;13,2
60000632;1;5;16,7
60000632;1;6;17,6
60000632;1;7;19,6
60000632;1;8;17,2
60000632;1;9;17,2
60000632;1;10;16,8
60000632;1;12;16,3
60000632;1;13;17,2
60000632;1;14;22,8
60000632;1;17;16,3
60000633;1;1;33,5
60000633;1;3;30,7
60000633;1;4;24,3
60000633;1;5;29,8
60000633;1;6;28,4
60000633;1;7;26,3
60000633;1;8;28,9
60000633;1;9;19,6
60000633;1;10;30,7
60000633;1;11;33,9
60000633;1;12;30,7
60000633;1;13;25,7
60000633;1;14;17,9
60000633;1;15;31,3
60000633;1;16;27,0
60000633;1;17;19,6
60000643;1;2;32,1
60000643;1;3;24,4
60000643;1;4;32,1
60000643;1;5;27,7
60000643;1;6;29,2
60000643;1;7;20,5
60000643;1;8;31,7
60000643;1;10;22,8
60000643;1;11;29,8
60000643;1;12;27,5
60000643;1;13;31,9
60000643;1;14;29,5
60000643;1;15;16,3
60000643;1;16;17,1
60000643;1;17;22,8
60000643;1;18;30,0
60000643;1;19;19,3
60000643;1;20;28,0
60000643;1;21;28,8
60000643;1;22;17,5
60000643;1;23;30,5
60000643;1;24;27,2
60000662;1;1;26,5
60000662;1;2;17,8
60000662;1;3;18,6
60000662;1;4;22,0
60000662;1;6;19,0
60000662;1;7;24,8
60000662;1;8;25,5
60000662;1;9;25,2
60000662;1;10;10,8
60000662;1;11;24,0
60000662;1;12;27,2
60000662;1;13;21,1
60000662;1;14;27,1
60000662;1;19;28,2
60000668;1;1;33,1
60000668;1;2;29,6
60000668;1;3;33,6
60000668;1;4;34,5
60000668;1;5;29,7
60000668;1;6;22,0
60000668;1;7;31,5
60000668;1;8;34,7
60000668;1;9;34,0
60000668;1;10;35,9
60000668;1;11;32,0
60000668;1;12;31,5
60000668;1;13;31,5
60000668;1;14;32,6
60000668;1;15;29,8
60000668;1;16;14,1
60000668;1;17;32,8
60000668;1;18;35,4
60000668;1;19;32,3
60000668;1;20;29,4
60000668;1;21;30,7
60000674;1;1;31,3
60000674;1;2;36,2
60000674;1;3;36,2
60000674;1;4;36,8
60000674;1;6;34,9
60000674;1;8;28,0
60000674;1;9;35,8
60000674;1;10;30,9
60000674;1;11;32,5
60000674;1;12;36,3
60000677;1;1;26,0
60000677;1;2;34,8
60000677;1;4;25,6
60000677;1;6;31,4
60000677;1;7;33,3
60000677;1;8;33,6
60000677;1;9;25,9
60000677;1;10;33,5
60000677;1;12;32,6
60000677;1;14;26,5
60000677;1;15;30,5
60000677;1;17;34,2
60000677;1;18;30,3
60000677;1;20;33,0
60000679;1;1;14,4
60000679;1;2;11,6
60000679;1;3;13,4
60000679;1;4;13,4
60000679;1;5;8,8
60000679;1;6;10,6
60000679;1;7;13,4
60000679;1;8;11,8
60000679;1;9;11,5
60000679;1;10;8,2
60000679;1;11;9,4
60000679;1;12;8,2
60000688;1;1;33,5
60000688;1;2;35,7
60000688;1;3;34,3
60000688;1;4;30,4
60000688;1;5;30,3
60000688;1;6;30,3
60000688;1;7;32,2
60000688;1;8;29,7
60000688;1;9;31,6
60000688;1;10;28,9
60000688;1;11;22,1
60000688;1;12;28,9
60000688;1;13;19,8
60000688;1;14;33,3
60000688;1;15;31,8
60000688;1;16;30,7
60000688;1;17;35,0
60000688;1;18;29,7
60000688;1;19;29,7
60000688;1;20;17,8
60000693;1;1;30,2
60000693;1;2;31,7
60000693;1;3;31,5
60000693;1;4;31,2
60000693;1;5;32,3
60000693;1;6;29,3
60000693;1;7;12,5
60000693;1;8;8,6
60000693;1;9;29,0
60000693;1;12;33,9
60000693;1;13;29,7
60000693;1;14;34,7
60000693;1;16;32,1
60000693;1;18;29,9
60000693;1;19;31,4
60000693;1;20;29,3
60000693;1;22;23,7
60000693;1;23;30,2
60000693;1;24;20,4
60000697;1;1;11,3
60000697;1;2;13,3
60000697;1;3;11,3
60000697;1;4;8,7
60000697;1;5;7,8
60000697;1;6;6,7
60000697;1;7;7,8
60000697;1;8;10,5
60000697;1;9;10,5
60000697;1;10;11,3
60000697;1;11;10,5
60000697;1;12;10,5
60000699;1;1;17,9
60000699;1;2;15,6
60000699;1;3;32,0
60000699;1;4;29,8
60000699;1;5;30,5
60000699;1;6;28,3
60000699;1;7;29,8
60000699;1;9;30,4
60000699;1;10;22,9
60000699;1;11;17,9
60000699;1;14;28,0
60000699;1;15;22,9
60000699;1;16;30,2
60000699;1;17;18,6
60000699;1;19;31,7
60000699;1;20;21,5
60000699;1;21;22,5
60000699;1;22;26,1
60000699;1;23;20,7
60000699;1;24;25,8
60000699;1;25;27,3
60000699;1;27;13,6
60000699;1;28;27,6
60000704;1;1;35,6
60000704;1;2;28,0
60000704;1;3;17,7
60000704;1;4;17,5
60000704;1;5;16,5
60000704;1;6;34,3
60000704;1;7;31,9
60000704;1;9;26,1
60000704;1;10;32,3
60000704;1;11;34,2
60000704;1;12;33,6
60000704;1;13;35,1
60000704;1;14;32,3
60000704;1;15;26,1
60000704;1;16;17,1
60000704;1;17;32,5
60000725;1;1;15,6
60000725;1;2;17,9
60000725;1;3;30,2
60000725;1;4;28,3
60000725;1;5;31,8
60000725;1;7;21,4
60000725;1;8;20,7
60000725;1;9;34,0
60000725;1;10;32,3
60000725;1;13;29,9
60000725;1;14;31,8
60000725;1;15;30,2
60000725;1;16;31,2
60000725;1;17;31,5
60000728;1;1;38,0
60000728;1;2;35,3
60000728;1;3;31,8
60000728;1;4;38,6
60000728;1;5;37,0
60000728;1;8;32,5
60000728;1;9;37,6
60000728;1;10;32,5
60000728;1;11;31,1
60000728;1;12;35,5
60000728;1;13;33,7
60000728;1;14;38,5
60000728;1;15;38,4
60000728;1;16;39,1
60000728;1;17;38,1
60000728;1;18;34,2
60000728;1;19;32,9
60000728;1;21;12,2
60000731;1;1;28,4
60000731;1;2;26,6
60000731;1;3;31,5
60000731;1;4;22,2
60000731;1;5;29,4
60000731;1;6;29,4
60000731;1;7;26,8
60000731;1;8;34,3
60000731;1;9;32,5
60000731;1;10;30,0
60000731;1;11;25,0
60000731;1;12;20,6
60000731;1;13;27,2
60000731;1;14;20,0
60000731;1;15;30,7
60000731;1;16;15,2
60000731;1;17;25,7
60000731;1;18;27,4
60000732;1;1;29,6
60000732;1;2;27,1
60000732;1;3;27,3
60000732;1;4;33,0
60000732;1;5;25,5
60000732;1;7;28,9
60000732;1;8;29,0
60000732;1;9;24,2
60000732;1;10;16,1
60000732;1;11;30,5
60000732;1;13;30,2
60000732;1;14;16,9
60000732;1;15;32,7
60000732;1;16;28,2
60000732;1;17;20,8
60000732;1;18;30,2
60000732;1;19;26,5
60000732;1;20;26,1
60000734;1;1;32,4
60000734;1;2;16,1
60000734;1;3;29,2
60000734;1;4;18,2
60000734;1;5;32,4
60000734;1;6;17,7
60000734;1;7;30,4
60000734;1;8;30,4
60000734;1;9;29,6
60000734;1;10;20,4
60000734;1;11;30,6
60000734;1;13;17,2
60000734;1;14;25,0
60000734;1;15;18,2
60000734;1;16;33,0
60000734;1;17;33,3
60000734;1;18;30,7
60000734;1;19;30,4
60000734;1;20;29,9
60000734;1;21;27,7
60000737;1;1;27,5
60000737;1;2;31,6
60000737;1;4;30,0
60000737;1;6;28,8
60000737;1;7;26,2
60000737;1;8;28,2
60000737;1;9;29,6
60000737;1;10;32,1
60000737;1;11;30,6
60000737;1;12;33,1
60000737;1;13;28,4
60000737;1;14;20,7
60000737;1;15;32,2
60000737;1;17;28,4
60000737;1;18;31,9
60000737;1;19;29,2
60000747;1;1;24,4
60000747;1;2;24,8
60000747;1;3;14,9
60000747;1;4;28,6
60000747;1;5;24,6
60000747;1;6;25,3
60000747;1;7;26,4
60000747;1;8;25,6
60000747;1;9;27,1
60000747;1;10;20,7
60000747;1;11;14,9
60000747;1;12;24,4
60000747;1;13;24,3
60000747;1;14;24,1
60000747;1;15;22,0
60000747;1;16;17,7
60000747;1;17;28,3
60000747;1;18;25,4
60000747;1;19;25,0
60000748;1;1;32,1
60000748;1;2;38,4
60000748;1;3;39,0
60000748;1;4;35,8
60000748;1;5;33,2
60000748;1;6;34,6
60000748;1;7;34,8
60000748;1;8;35,9
60000748;1;9;32,9
60000750;1;1;35,8
60000750;1;2;26,9
60000750;1;3;34,6
60000750;1;4;35,6
60000750;1;5;28,8
60000750;1;6;28,3
60000750;1;7;31,3
60000750;1;8;36,0
60000750;1;9;34,5
60000750;1;10;36,6
60000750;1;11;37,2
60000750;1;12;35,6
60000752;1;1;13,5
60000752;1;2;11,0
60000754;1;1;23,2
60000754;1;2;9,6
60000754;1;6;23,0
60000754;1;7;24,2
60000755;1;1;30,1
60000755;1;2;33,0
60000755;1;3;25,1
60000755;1;4;28,0
60000755;1;5;16,8
60000755;1;6;32,2
60000755;1;7;29,2
60000755;1;8;25,8
60000755;1;9;25,2
60000755;1;10;32,8
60000755;1;11;11,4
60000755;1;12;35,1
60000755;1;13;29,1
60000755;1;14;33,4
60000755;1;15;30,6
60000755;1;16;30,9
60000755;1;17;26,2
60000755;1;18;29,0
60000755;1;19;16,3
60000755;1;20;31,4
60000755;1;21;28,3
60000761;1;1;28,5
60000761;1;2;31,6
60000761;1;3;26,5
60000761;1;4;29,1
60000761;1;5;32,7
60000761;1;7;29,7
60000761;1;8;32,0
60000761;1;9;31,0
60000761;1;11;25,6
60000761;1;12;32,7
60000761;1;13;32,2
60000761;1;14;25,5
60000761;1;15;30,7
60000761;1;17;31,6
60000763;1;1;22,5
60000763;1;2;20,9
60000763;1;3;22,0
60000763;1;4;18,0
60000763;1;5;20,9
60000763;1;6;19,0
60000763;1;7;10,0
60000763;1;8;18,2
60000763;1;9;21,4
60000763;1;10;15,2
60000763;1;11;24,7
60000763;1;12;21,7
60000763;1;13;26,4
60000765;1;1;34,7
60000765;1;2;32,4
60000765;1;3;30,1
60000765;1;4;34,3
60000765;1;5;32,2
60000765;1;6;17,6
60000765;1;7;33,3
60000765;1;8;31,6
60000765;1;10;32,2
60000765;1;11;26,2
60000765;1;12;31,9
60000765;1;13;38,8
60000765;1;14;34,6
60000765;1;15;27,7
60000765;1;16;31,4
60000767;1;1;23,8
60000767;1;2;18,1
60000767;1;3;23,4
60000767;1;4;24,2
60000767;1;7;20,6
60000767;1;8;23,1
60000767;1;9;24,1
60000767;1;10;23,2
60000767;1;11;22,1
60000773;1;1;32,7
60000773;1;2;23,0
60000773;1;3;31,9
60000773;1;4;29,9
60000773;1;5;28,0
60000773;1;6;29,6
60000773;1;7;19,5
60000773;1;8;23,1
60000773;1;9;29,1
60000773;1;10;28,6
60000773;1;11;26,3
60000773;1;12;34,0
60000773;1;13;17,2
60000773;1;14;29,5
60000773;1;15;25,9
60000773;1;16;18,9
60000773;1;17;31,0
60000773;1;19;24,6
60000775;1;3;26,6
60000775;1;4;25,0
60000775;1;5;22,7
60000775;1;7;25,9
60000775;1;8;23,6
60000775;1;9;19,4
60000775;1;10;23,8
60000775;1;11;25,6
60000775;1;12;23,8
60000775;1;14;25,4
60000775;1;15;22,1
60000775;1;16;20,7
60000775;1;19;25,0
60000775;1;20;22,1
60000775;1;21;16,8
60000775;1;22;32,3
60000775;1;24;23,8
60000775;1;25;24,1
60000775;1;26;23,8
60000775;1;27;25,9
60000775;1;28;25,4
60000775;1;29;21,4
60000775;1;30;20,3
60000775;1;32;22,4
60000775;1;33;22,7
60000775;1;34;22,7
60000778;1;1;14,5
60000778;1;2;14,2
60000778;1;3;16,7
60000778;1;4;15,2
60000778;1;5;13,4
60000781;1;1;14,5
60000781;1;2;17,5
60000781;1;3;21,6
60000781;1;4;13,4
60000781;1;5;20,6
60000781;1;6;11,4
60000781;1;7;13,2
60000781;1;10;23,4
60000788;1;26;20,7
60000788;1;27;23,7
60000788;1;28;27,4
60000788;1;29;22,4
60000788;1;30;14,6
60000793;1;3;7,1
60000793;1;4;30,1
60000793;1;5;29,7
60000793;1;6;32,7
60000793;1;7;31,6
60000797;1;8;23,7
60000797;1;9;25,5
60000797;1;10;24,4
80000001;1;1;23,9
80000001;1;2;20,8
80000001;1;3;28,6
80000001;1;4;30,2
80000001;1;5;30,9
80000001;1;6;24,4
80000001;1;7;19,5
80000001;1;8;20,5
80000001;1;9;20,3
80000001;1;10;25,4
80000001;1;11;24,5
80000001;1;12;14,9
80000001;1;13;21,9
80000001;1;14;10,5
80000001;1;15;21,1
80000001;1;16;19,5
80000001;1;17;20,9
80000001;1;18;23,2
80000001;1;19;28,5
80000001;1;20;26,9
80000001;1;21;19,0
80000003;1;1;12,0
80000003;1;2;31,8
80000003;1;3;6,3
80000003;1;4;28,0
80000003;1;5;27,8
80000003;1;6;33,3
80000003;1;7;34,1
80000003;1;8;34,2
80000003;1;9;29,8
80000003;1;10;32,0
80000003;1;11;33,5
80000003;1;12;33,5
80000003;1;13;11,8
80000004;1;1;15,9
80000004;1;2;20,0
80000004;1;3;22,2
80000004;1;4;24,9
80000004;1;5;12,4
80000004;1;6;10,6
80000004;1;7;23,3
80000004;1;8;17,1
80000004;1;9;23,3
80000004;1;10;30,5
80000004;1;11;22,6
80000004;1;12;31,4
80000004;1;14;21,7
80000004;1;15;31,2
80000004;1;16;22,0
80000004;1;17;23,5
80000004;1;18;30,5
80000004;1;19;14,6
80000004;1;20;13,5
80000004;1;21;18,7
80000004;1;22;16,0
80000004;1;23;24,7
80000004;1;24;26,2
80000005;1;1;15,7
80000005;1;2;13,9
80000005;1;3;15,7
80000005;1;4;26,6
80000005;1;5;25,7
80000005;1;6;19,8
80000005;1;7;15,7
80000005;1;8;27,2
80000005;1;9;25,9
80000005;1;10;20,1
80000005;1;11;18,6
80000005;1;12;24,1
80000005;1;13;19,4
80000005;1;14;26,4
80000005;1;15;13,5
80000005;1;16;15,3
80000005;1;22;25,2
80000005;1;24;24,9
80000007;1;1;22,2
80000007;1;2;14,1
80000007;1;3;17,8
80000007;1;4;14,9
80000007;1;5;26,7
80000007;1;6;27,5
80000007;1;7;18,1
80000007;1;8;18,8
80000007;1;9;26,0
80000007;1;10;26,4
80000007;1;11;27,9
80000007;1;12;12,4
80000007;1;13;23,4
80000007;1;14;10,5
80000007;1;15;22,2
80000007;1;16;26,6
80000007;1;17;24,9
80000007;1;18;23,5
80000007;1;19;32,1
80000007;1;20;23,4
80000008;1;1;18,6
80000008;1;2;20,6
80000008;1;3;17,4
80000008;1;4;26,1
80000008;1;5;23,7
80000008;1;6;25,3
80000008;1;7;24,2
80000008;1;8;23,7
80000008;1;9;25,2
80000008;1;10;19,1
80000008;1;11;18,5
80000008;1;12;26,2
80000008;1;13;16,9
80000008;1;14;25,0
80000008;1;15;22,6
80000008;1;16;19,5
80000009;1;1;24,5
80000009;1;2;17,4
80000009;1;3;27,8
80000009;1;4;24,9
80000009;1;5;24,3
80000009;1;6;27,6
80000009;1;7;20,8
80000009;1;8;30,3
80000009;1;9;27,7
80000009;1;10;30,8
80000009;1;11;31,7
80000009;1;12;28,3
80000009;1;13;26,0
80000009;1;14;23,6
80000009;1;15;25,3
80000010;1;1;14,6
80000010;1;2;17,6
80000010;1;3;20,8
80000010;1;4;26,7
80000010;1;5;28,3
80000010;1;6;26,7
80000010;1;7;20,3
80000010;1;8;29,6
80000010;1;9;13,7
80000010;1;10;17,8
80000010;1;11;29,2
80000010;1;12;27,0
80000010;1;13;20,8
80000010;1;14;23,6
80000010;1;15;21,3
80000010;1;16;26,4
80000010;1;17;18,7
80000010;1;18;29,6
80000011;1;1;27,7
80000011;1;2;26,7
80000011;1;3;29,9
80000011;1;4;32,1
80000011;1;5;30,2
80000011;1;6;34,2
80000011;1;7;17,8
80000011;1;8;10,9
80000011;1;9;29,4
80000011;1;10;17,2
80000011;1;11;19,2
80000011;1;12;36,2
80000011;1;13;29,0
80000011;1;14;19,4
80000011;1;15;30,1
80000011;1;16;24,7
80000011;1;17;25,4
80000011;1;18;27,9
80000011;1;19;29,9
80000012;1;1;10,5
80000012;1;2;26,4
80000012;1;3;18,5
80000012;1;4;22,2
80000015;1;1;28,8
80000015;1;2;16,4
80000015;1;3;28,6
80000015;1;4;22,2
80000015;1;5;32,2
80000015;1;6;30,2
80000015;1;7;33,1
80000015;1;8;26,8
80000015;1;9;28,3
80000015;1;10;21,3
80000015;1;11;32,4
80000015;1;12;27,6
80000015;1;13;22,9
80000015;1;14;24,0
80000015;1;15;28,3
80000015;1;16;15,2
80000015;1;17;14,5
80000015;1;18;15,2
80000015;1;19;16,4
80000015;1;20;33,0
80000015;1;21;30,5
80000015;1;22;25,0
80000015;1;23;29,7
80000015;1;24;26,2
80000015;1;25;29,7
80000015;1;26;21,3
80000015;1;27;26,8
80000017;1;1;25,0
80000017;1;2;34,7
80000017;1;3;27,7
80000017;1;4;26,2
80000017;1;5;34,9
80000017;1;6;33,2
80000017;1;7;33,2
80000017;1;8;35,1
80000017;1;9;35,8
80000017;1;10;28,8
80000017;1;11;28,4
80000017;1;12;27,7
80000017;1;13;31,5
80000020;1;1;19,9
80000020;1;2;16,9
80000020;1;3;20,9
80000020;1;4;17,5
80000020;1;5;17,2
80000020;1;6;21,1
80000020;1;7;23,2
80000020;1;8;26,1
80000020;1;9;22,2
80000020;1;10;21,4
80000020;1;11;20,2
80000020;1;12;21,9
80000020;1;13;21,7
80000020;1;14;20,4
80000020;1;15;22,6
80000020;1;16;21,9
80000020;1;17;21,5
80000020;1;18;20,7
80000020;1;19;14,7
80000020;1;20;20,5
80000020;1;21;19,7
80000020;1;22;21,9
80000020;1;23;21,5
80000020;1;24;21,1
80000020;1;25;21,9
80000020;1;26;20,7
80000020;1;27;22,2
80000020;1;28;21,7
80000020;1;29;21,6
80000020;1;30;19,9
80000020;1;31;16,9
80000020;1;32;22,7
80000023;1;1;27,8
80000023;1;2;29,0
80000023;1;3;24,2
80000023;1;4;23,0
80000023;1;5;34,4
80000023;1;7;27,2
80000023;1;8;15,3
80000025;1;1;30,4
80000025;1;2;23,6
80000025;1;3;16,6
80000025;1;4;28,8
80000025;1;5;27,5
80000025;1;6;20,7
80000025;1;7;28,3
80000025;1;8;29,1
80000025;1;9;22,3
80000025;1;10;22,6
80000025;1;11;25,9
80000025;1;12;24,5
80000025;1;13;25,3
80000025;1;14;32,3
80000025;1;15;29,1
80000030;1;1;12,4
80000030;1;2;10,0
80000030;1;3;16,4
80000030;1;4;19,2
80000030;1;5;21,1
80000030;1;6;21,1
80000030;1;7;10,0
80000030;1;8;11,3
80000030;1;9;11,3
80000030;1;10;12,1
80000030;1;11;14,3
80000030;1;12;17,1
80000030;1;13;13,3
80000030;1;14;13,0
80000030;1;15;7,6
80000030;1;16;14,6
80000031;1;1;18,7
80000031;1;2;6,3
80000031;1;3;30,1
80000033;1;1;31,1
80000033;1;2;20,2
80000033;1;3;21,5
80000033;1;4;17,0
80000033;1;5;31,6
80000033;1;6;28,1
80000033;1;7;30,1
80000033;1;8;14,1
80000033;1;9;32,4
80000033;1;10;18,6
80000033;1;11;15,1
80000033;1;12;16,0
80000033;1;13;23,9
80000033;1;14;20,9
80000033;1;15;19,4
80000033;1;16;17,0
80000033;1;17;10,8
80000033;1;18;24,2
80000033;1;19;25,0
80000033;1;20;20,2
80000033;1;21;23,4
80000033;1;22;17,4
80000033;1;23;20,9
80000033;1;24;30,9
80000033;1;25;18,6
80000033;1;26;32,2
80000033;1;27;11,9
80000037;1;1;27,3
80000037;1;2;27,3
80000037;1;3;23,3
80000037;1;4;22,6
80000037;1;5;35,2
80000037;1;6;32,9
80000037;1;7;34,4
80000037;1;8;36,1
80000037;1;9;35,9
80000037;1;10;34,7
80000037;1;11;33,2
80000037;1;12;28,7
80000038;1;1;33,2
80000038;1;2;34,9
80000038;1;3;14,9
80000038;1;4;34,9
80000038;1;5;28,1
80000038;1;6;35,1
80000038;1;7;25,9
80000038;1;8;30,9
80000038;1;9;26,8
80000038;1;10;36,6
80000038;1;11;34,0
80000038;1;12;35,5
80000038;1;13;32,7
80000038;1;14;36,3
80000038;1;15;35,1
80000038;1;16;36,0
80000039;1;1;34,5
80000039;1;2;33,0
80000039;1;3;24,1
80000039;1;4;36,7
80000039;1;5;35,5
80000039;1;6;35,4
80000039;1;7;36,3
80000039;1;8;36,4
80000039;1;9;37,0
80000039;1;10;32,7
80000039;1;11;36,3
80000039;1;12;32,7
80000039;1;13;38,2
80000039;1;14;37,6
80000042;1;1;25,1
80000042;1;2;29,4
80000042;1;3;32,7
80000042;1;4;26,7
80000042;1;5;35,0
80000042;1;6;25,5
80000042;1;7;35,7
80000042;1;8;35,1
80000042;1;9;28,5
80000042;1;10;32,5
80000042;1;11;33,2
80000042;1;12;37,2
80000042;1;13;34,3
80000042;1;14;33,0
80000042;1;15;36,8
80000042;1;16;30,8
80000042;1;17;32,2
80000042;1;18;22,6
80000042;1;19;23,0
80000042;1;20;31,2
80000042;1;21;32,4
80000042;1;22;20,4
80000042;1;23;18,8
80000042;1;24;26,7
80000042;1;25;25,1
80000042;1;26;17,2
80000045;1;1;15,1
80000045;1;2;18,9
80000045;1;3;15,3
80000045;1;4;14,1
80000045;1;5;15,9
80000045;1;6;17,9
80000045;1;7;18,9
80000045;1;8;11,3
80000045;1;9;13,0
80000045;1;10;16,1
80000045;1;11;16,7
80000045;1;12;15,9
80000045;1;13;14,6
80000045;1;14;13,2
80000045;1;15;12,8
80000045;1;16;7,2
80000045;1;17;8,2
80000045;1;18;13,7
80000046;1;1;29,7
80000046;1;2;31,0
80000046;1;3;27,8
80000046;1;4;23,2
80000046;1;5;25,8
80000046;1;6;28,9
80000046;1;7;34,9
80000046;1;8;29,4
80000046;1;9;35,6
80000046;1;10;32,7
80000046;1;11;31,5
80000046;1;12;34,4
80000046;1;13;25,5
80000051;1;1;35,4
80000051;1;2;29,7
80000051;1;3;36,5
80000051;1;4;30,3
80000051;1;5;32,2
80000051;1;6;34,2
80000051;1;7;25,2
80000051;1;8;29,7
80000051;1;9;35,1
80000051;1;10;35,3
80000051;1;11;20,7
80000051;1;12;22,6
80000051;1;13;9,6
80000055;1;1;31,9
80000055;1;2;30,5
80000055;1;3;36,8
80000055;1;4;27,3
80000055;1;5;35,5
80000055;1;6;31,6
80000055;1;7;26,1
80000055;1;8;34,9
80000056;1;1;13,6
80000056;1;2;34,1
80000056;1;3;38,4
80000056;1;4;35,8
80000056;1;5;29,0
80000056;1;6;35,6
80000056;1;7;36,2
80000057;1;1;24,3
80000057;1;2;31,5
80000057;1;3;33,0
80000057;1;4;28,5
80000057;1;5;34,5
80000057;1;6;37,9
80000057;1;7;31,8
80000057;1;8;34,7
80000057;1;9;32,3
80000057;1;10;29,8
80000057;1;11;36,1
80000061;1;1;25,5
80000061;1;2;26,5
80000061;1;3;24,7
80000061;1;4;27,2
80000061;1;5;27,7
80000061;1;6;29,4
80000061;1;7;22,7
80000061;1;8;24,0
80000061;1;9;23,8
80000061;1;10;23,1
80000061;1;11;26,5
80000061;1;12;20,3
80000061;1;13;25,2
80000061;1;14;26,5
80000061;1;15;26,4
80000061;1;16;23,7
80000061;1;17;27,0
80000061;1;18;21,0
80000061;1;19;29,8
80000061;1;20;26,9
80000061;1;21;26,4
80000061;1;22;16,6
80000061;1;23;28,3
80000067;1;1;20,8
80000067;1;2;22,2
80000067;1;3;18,0
80000067;1;4;18,0
80000067;1;5;18,0
80000067;1;6;15,8
80000067;1;7;13,0
80000067;1;8;17,2
80000067;1;9;20,2
80000067;1;10;15,5
80000067;1;11;13,5
80000067;1;12;20,4
80000067;1;13;19,5
80000067;1;14;21,2
80000068;1;1;21,3
80000068;1;2;27,2
80000068;1;3;19,9
80000068;1;4;16,8
80000068;1;5;17,3
80000068;1;6;31,9
80000068;1;7;15,2
80000068;1;8;26,1
80000068;1;9;24,2
80000068;1;10;29,8
80000068;1;11;21,1
80000068;1;12;32,6
80000068;1;13;26,4
80000068;1;14;32,2
80000068;1;15;23,8
80000068;1;16;18,8
80000068;1;17;24,9
80000068;1;18;28,1
80000068;1;20;23,9
80000068;1;21;23,1
80000068;1;22;25,4
80000068;1;23;25,0
80000069;1;2;18,2
80000069;1;4;21,5
80000069;1;5;23,2
80000069;1;6;17,3
80000069;1;7;24,4
80000069;1;8;25,6
80000069;1;9;21,6
80000069;1;10;28,7
80000069;1;11;21,7
80000069;1;12;23,2
80000069;1;13;21,7
80000069;1;14;18,3
80000069;1;15;16,9
80000069;1;16;20,8
80000069;1;18;20,8
80000069;1;19;22,3
80000069;1;20;24,5
80000069;1;21;20,6
80000069;1;22;24,0
80000069;1;23;23,1
80000069;1;24;22,2
80000069;1;25;18,5
80000069;1;26;20,3
80000069;1;27;20,6
80000070;1;1;24,5
80000070;1;2;28,7
80000070;1;3;25,7
80000070;1;4;27,5
80000070;1;8;27,4
80000070;1;9;26,0
80000070;1;11;28,5
80000070;1;12;18,9
80000071;1;1;19,8
80000071;1;2;25,8
80000071;1;3;25,4
80000071;1;4;16,6
80000071;1;5;24,8
80000071;1;6;17,6
80000071;1;7;24,8
80000071;1;8;14,7
80000071;1;9;22,2
80000071;1;10;25,6
80000071;1;11;25,9
80000071;1;12;15,8
80000071;1;13;24,2
80000071;1;14;19,6
80000076;1;1;24,5
80000076;1;2;29,0
80000076;1;3;25,7
80000076;1;4;24,3
80000076;1;5;26,7
80000076;1;6;25,0
80000076;1;7;22,2
80000076;1;8;25,3
80000076;1;9;26,4
80000076;1;11;30,3
80000078;1;1;34,7
80000078;1;2;26,7
80000078;1;3;33,3
80000078;1;4;33,6
80000078;1;5;37,1
80000078;1;6;36,3
80000078;1;7;33,6
80000078;1;8;34,1
80000078;1;9;32,0
80000081;1;1;20,7
80000081;1;3;20,6
80000081;1;4;30,5
80000081;1;5;23,2
80000081;1;6;16,1
80000081;1;7;32,9
80000081;1;8;32,0
80000081;1;9;19,6
80000081;1;12;33,8
80000081;1;13;29,8
80000081;1;14;31,3
80000081;1;15;34,9
80000081;1;16;31,3
80000081;1;17;32,5
80000082;1;4;35,5
80000082;1;5;29,4
80000082;1;6;32,8
80000082;1;7;23,1
80000082;1;8;34,2
80000082;1;9;20,7
80000082;1;10;33,3
80000082;1;11;22,7
80000082;1;12;35,7
80000082;1;13;27,5
80000082;1;14;30,1
80000083;1;1;31,0
80000083;1;2;33,4
80000083;1;4;30,4
80000083;1;5;23,7
80000083;1;6;33,6
80000083;1;7;34,2
80000083;1;8;20,8
80000083;1;9;19,7
80000083;1;10;31,6
80000083;1;11;30,1
80000083;1;13;34,0
80000084;1;1;27,6
80000084;1;2;32,1
80000086;1;1;22,1
80000086;1;3;29,0
80000086;1;4;26,5
80000086;1;5;26,5
80000086;1;7;28,9
80000086;1;8;27,0
80000086;1;9;32,3
80000086;1;11;28,2
80000086;1;16;24,5
80000086;1;18;25,3
80000086;1;19;23,5
80000086;1;20;28,0
80000089;1;1;31,5
80000089;1;3;37,8
80000089;1;4;30,3
80000089;1;5;24,8
80000089;1;6;27,0
80000089;1;7;27,1
80000089;1;8;22,7
80000089;1;9;20,5
80000089;1;10;27,4
80000089;1;11;27,5
80000089;1;12;22,8
80000089;1;13;23,3
80000089;1;14;19,9
80000089;1;15;22,1
80000090;1;1;30,1
80000090;1;2;28,7
80000090;1;4;23,3
80000090;1;5;32,1
80000090;1;6;26,5
80000090;1;7;26,7
80000090;1;8;26,7
80000090;1;9;26,3
80000090;1;10;28,3
80000090;1;12;22,5
80000090;1;13;30,5
80000090;1;14;30,7
80000090;1;15;34,8
80000091;1;1;32,4
80000091;1;2;33,5
80000091;1;3;36,3
80000091;1;5;35,3
80000091;1;6;27,7
80000091;1;7;32,9
80000091;1;8;36,3
80000091;1;9;29,1
80000091;1;10;37,7
80000091;1;11;31,2
80000091;1;12;33,2
80000104;1;1;29,2
80000104;1;2;27,9
80000104;1;3;28,1
80000104;1;4;27,9
80000104;1;5;23,1
80000104;1;6;27,0
80000104;1;7;28,9
80000104;1;8;24,5
80000104;1;9;28,3
80000104;1;10;26,6
80000104;1;11;15,5
80000104;1;12;31,4
80000104;1;13;28,9
80000104;1;14;13,6
80000106;1;1;26,2
80000106;1;2;11,9
80000106;1;3;19,1
80000106;1;4;30,1
80000106;1;5;17,1
80000106;1;6;17,4
80000106;1;7;22,9
80000106;1;8;19,6
80000106;1;9;30,8
80000107;1;1;27,7
80000107;1;2;19,2
80000107;1;3;24,1
80000107;1;4;29,6
80000107;1;5;18,6
80000108;1;1;26,3
80000108;1;2;17,7
80000108;1;3;19,6
80000108;1;4;17,6
80000108;1;5;24,4
80000108;1;6;18,8
80000108;1;7;14,8
80000108;1;8;19,6
80000108;1;9;26,7
80000108;1;10;19,4
80000110;1;1;28,2
80000110;1;2;20,1
80000110;1;3;20,3
80000110;1;4;19,0
80000110;1;5;20,5
80000110;1;6;20,7
80000110;1;7;24,7
80000110;1;8;20,9
80000110;1;9;20,6
80000110;1;10;20,9
80000110;1;11;20,3
80000110;1;12;19,6
80000110;1;13;20,3
80000110;1;14;20,2
80000110;1;15;20,7
80000110;1;16;20,7
80000110;1;17;20,9
80000110;1;18;20,3
80000110;1;19;20,5
80000110;1;20;20,1
80000110;1;21;20,1
80000110;1;22;16,4
80000110;1;23;20,7
80000110;1;24;20,4
80000110;1;25;20,7
80000110;1;26;21,3
80000110;1;27;20,4
80000110;1;28;20,9
80000110;1;29;20,8
80000110;1;30;20,9
80000111;1;1;26,0
80000111;1;2;29,2
80000111;1;3;30,0
80000111;1;4;25,6
80000111;1;5;29,1
80000111;1;6;27,1
80000111;1;7;29,2
80000111;1;8;24,2
80000111;1;9;33,3
80000111;1;10;34,9
80000112;1;1;7,1
80000112;1;2;28,7
80000112;1;3;33,7
80000112;1;4;34,8
80000112;1;5;35,3
80000112;1;6;23,6
80000112;1;7;18,1
80000112;1;8;33,3
80000112;1;9;30,5
80000112;1;10;34,8
80000116;1;1;24,7
80000116;1;2;25,7
80000116;1;3;18,2
80000116;1;4;34,8
80000116;1;5;23,5
80000117;1;1;24,2
80000117;1;2;34,9
80000117;1;3;25,5
80000117;1;4;26,7
80000117;1;5;27,2
80000117;1;6;29,5
80000117;1;7;26,1
80000117;1;8;31,7
80000117;1;9;31,5
80000117;1;10;33,0
80000117;1;11;31,4
80000117;1;12;32,4
80000117;1;13;29,8
80000117;1;14;22,8
80000117;1;15;29,1
80000117;1;16;32,1
80000117;1;17;29,1
80000117;1;18;28,7
80000118;1;1;7,1
80000118;1;2;7,1
80000118;1;3;33,2
80000118;1;4;31,4
80000118;1;5;31,4
80000118;1;6;6,3
80000118;1;7;7,1
80000118;1;8;6,3
80000118;1;9;29,6
80000118;1;10;35,5
80000118;1;11;16,6
80000118;1;12;25,8
80000118;1;13;27,8
80000120;1;1;31,7
80000120;1;2;15,0
80000120;1;3;14,0
80000120;1;4;31,4
80000120;1;5;8,2
80000120;1;6;8,2
80000120;1;7;25,4
80000120;1;8;14,0
80000120;1;9;28,7
80000120;1;10;28,2
80000120;1;11;28,7
100000001;1;1;23,0
100000001;1;2;22,6
100000001;1;3;25,2
100000001;1;4;20,6
100000001;1;5;25,5
100000001;1;6;21,3
100000001;1;7;22,3
100000001;1;8;20,2
100000001;1;9;19,1
100000001;1;10;15,1
100000001;1;11;21,1
100000001;1;12;21,0
100000001;1;13;17,4
100000001;1;14;25,2
100000001;1;17;17,5
100000002;1;1;26,1
100000002;1;2;19,1
100000002;1;3;17,1
100000002;1;4;10,9
100000002;1;5;23,8
100000002;1;6;26,8
100000002;1;7;17,3
100000002;1;8;24,4
100000002;1;9;19,5
100000002;1;10;21,3
100000002;1;11;17,8
100000002;1;12;22,8
100000002;1;13;18,4
100000002;1;14;18,7
100000002;1;15;24,0
100000008;1;1;31,3
100000008;1;2;28,6
100000008;1;3;31,5
100000008;1;4;23,5
100000008;1;5;28,4
100000025;1;1;12,1
100000025;1;2;14,5
100000025;1;3;12,0
100000025;1;4;15,8
100000025;1;5;13,5
100000025;1;6;13,6
100000025;1;7;13,9
100000025;1;8;11,4
100000025;1;9;12,7
100000025;1;10;15,8
100000025;1;11;13,6
100000025;1;12;12,0
100000025;1;13;13,0
100000025;1;14;11,7
100000025;1;15;16,5
100000025;1;16;12,8
100000025;1;17;12,6
100000025;1;18;9,3
100000025;1;19;9,8
100000025;1;20;10,3
100000025;1;21;12,0
100000025;1;22;12,3
100000025;1;23;12,1
100000026;1;1;23,2
100000026;1;2;23,8
100000026;1;3;22,7
100000026;1;4;22,6
100000026;1;5;22,2
100000026;1;6;21,3
100000026;1;7;22,6
100000026;1;8;23,7
100000026;1;9;23,0
100000026;1;10;15,0
100000037;1;1;12,2
100000037;1;2;14,0
100000037;1;3;21,9
100000037;1;4;21,0
100000037;1;5;13,0
100000037;1;6;12,9
100000048;1;1;25,3
100000048;1;2;21,6
100000048;1;3;15,3
100000048;1;4;19,2
100000048;1;5;26,2
100000048;1;6;21,4
100000048;1;7;25,1
100000048;1;8;22,8
100000048;1;9;14,1
100000048;1;10;25,9
100000048;1;11;25,0
100000048;1;12;18,0
100000048;1;13;13,1
100000048;1;14;22,3
100000048;1;15;11,6
100000048;1;16;14,8
100000048;1;17;22,1
100000048;1;18;24,7
100000048;1;19;24,6
100000048;1;20;22,0
100000048;1;21;21,7
100000048;1;22;15,0
100000048;1;23;11,7
100000049;1;1;30,1
100000049;1;2;30,0
100000049;1;3;32,0
100000049;1;4;18,6
100000049;1;5;25,6
100000049;1;6;26,5
100000049;1;7;32,4
100000049;1;8;26,4
100000049;1;9;27,8
100000049;1;10;22,1
100000049;1;11;27,7
100000049;1;12;26,9
100000049;1;13;25,8
100000049;1;14;23,8
100000049;1;15;24,7
100000049;1;16;26,7
100000049;1;17;27,2
100000049;1;18;26,3
100000063;1;1;16,7
100000063;1;2;18,3
100000063;1;3;18,4
100000063;1;4;19,8
100000063;1;5;19,0
100000063;1;6;20,6
100000063;1;7;19,8
100000063;1;8;18,5
100000063;1;9;17,7
100000063;1;10;12,4
100000099;1;1;12,1
100000099;1;2;22,2
100000099;1;3;21,8
100000099;1;4;25,7
100000099;1;5;27,1
100000099;1;6;21,9
100000099;1;7;29,1
100000099;1;8;16,0
100000099;1;9;16,2
100000099;1;10;18,7
100000099;1;11;17,5
100000099;1;12;20,3
100000099;1;13;17,6
100000099;1;14;14,4
100000116;1;1;24,2
100000116;1;2;10,1
100000116;1;3;25,1
100000116;1;4;7,7
100000116;1;5;26,7
100000116;1;6;26,3
100000116;1;7;27,5
100000116;1;8;25,2
100000116;1;9;24,1
100000116;1;10;26,0
100000116;1;11;24,6
100000116;1;12;26,0
100000116;1;13;26,0
100000116;1;14;20,9
100000116;1;15;25,2
100000116;1;16;24,3
100000116;1;17;22,7
100000206;1;1;12,8
100000206;1;2;12,8
100000206;1;3;11,2
100000206;1;4;10,3
100000206;1;5;16,2
100000206;1;6;10,0
100000206;1;7;11,8
100000206;1;8;7,5
100000206;1;9;13,7
100000206;1;10;13,2
100000206;1;11;13,9
100000206;1;12;10,0
100000206;1;13;11,1
100000206;1;14;11,4
100000206;1;15;12,4
100000206;1;17;11,7
100000236;1;1;31,2
100000236;1;2;20,3
100000236;1;3;17,1
100000236;1;4;18,6
100000236;1;5;17,8
100000236;1;6;26,3
100000236;1;7;17,9
100000236;1;8;16,3
100000236;1;9;13,8
100000236;1;10;18,1
100000236;1;11;26,2
100000236;1;12;21,5
100000236;1;13;24,9
100000236;1;14;16,3
100000236;1;15;17,8
100000236;1;16;11,8
100000243;1;1;11,7
100000243;1;2;11,5
100000243;1;3;12,5
100000243;1;4;12,7
100000243;1;5;7,1
100000243;1;6;13,4
100000243;1;7;12,6
100000243;1;8;7,9
100000243;1;9;12,2
100000243;1;10;14,7
100000243;1;11;20,5
100000243;1;12;12,2
100000243;1;13;12,9
100000255;1;1;29,8
100000255;1;2;26,8
100000255;1;3;20,6
100000255;1;4;34,6
100000255;1;5;32,4
100000255;1;6;28,8
100000255;1;7;17,7
100000255;1;8;23,0
100000255;1;9;32,2
