lokalita;plocha;pomno;x_m;y_m;popis
10000001,0;1;1,0;13,95;8,16;LP DBH=120mm
10000001,0;1;2,0;-3,32;15,33;HB DBH=130mm
10000002,0;1;1,0;-17,67;4,72;DB DBH=150mm
10000002,0;1;2,0;8,97;11,67;
10000003,0;1;1,0;-22,14;-13,52;
10000003,0;1;2,0;12,94;-4,61;DB DBH cca 200mm
10000012,0;1;1,0;0,21;15,44;
10000012,0;1;2,0;-10,19;2,75;LP DBH=215mm
10000013,0;1;1,0;-4,46;15,06;HB 150mm
10000013,0;1;2,0;12,29;8,75;DB cca 200mm
10000013,0;1;3,0;6,42;13,27;
10000015,0;1;1,0;-9,65;12,85;
10000015,0;1;2,0;5,74;6,51;DB DBH=280mm
10000022,0;1;1,0;19,91;-4,48;
10000022,0;1;2,0;2,52;-5,34;
10000027,0;1;1,0;9,43;15,34;
10000027,0;1;2,0;8,82;7,55;KL DBH 140
10000027,0;1;3,0;-0,25;-1,77;
10000101,0;1;1,0;-19,04;15,53;
10000101,0;1;2,0;16,69;2,1;HB DBH=280mm
10000101,0;1;3,0;-7,11;8,59;HB DBH=cca 150mm
10000104,0;1;1,0;-7,02;-20,64;
10000104,0;1;2,0;8,69;-11,08;LP 280
10000104,0;1;3,0;-7,51;-4,83;JV 124
10000105,0;1;1,0;3,03;16,71;
10000105,0;1;2,0;-14,08;-1,23;DB 410mm
10000106,0;1;1,0;-14,7;-6,98;
10000106,0;1;2,0;0,57;-3,19;
10000108,0;1;1,0;16,11;-4,77;DB 200,X-11
10000108,0;1;2,0;12,07;11,17;
10000113,0;1;1,0;5,0;18,09;
10000113,0;1;2,0;17,83;-3,7;DB DBH=160mm
10000114,0;1;1,0;-13,02;0,78;
10000114,0;1;2,0;-4,28;-3,11;
10000115,0;1;1,0;-0,11;-13,42;
10000115,0;1;2,0;-12,13;-0,47;HB 150
10000121,0;1;1,0;-15,16;-10,72;
10000121,0;1;2,0;4,14;2,97;
10000202,0;1;1,0;4,84;-17,36;
10000202,0;1;2,0;-6,61;7,44;
10000203,0;1;1,0;5,11;-11,9;
10000203,0;1;2,0;-12,23;-2,25;DB DBH = 220 mm
10000206,0;1;1,0;12,31;-11,6;
10000206,0;1;2,0;7,63;7,35;LP DBH=200mm
10000207,0;1;1,0;12,22;-8,31;HB DBH=70mm
10000207,0;1;2,0;7,17;9,12;DB DBH=275mm
10000208,0;1;1,0;11,28;12,43;
10000208,0;1;2,0;-2,5;-10,03;DB 150
10000209,0;1;1,0;4,62;-16,98;DB DBH=300mm
10000209,0;1;2,0;13,31;3,48;DB DBH=265mm
10000210,0;1;1,0;4,79;-19,25;
10000210,0;1;2,0;11,1;14,57;DB DBH=275mm
10000211,0;1;1,0;-4,03;-12,5;
10000211,0;1;2,0;-11,31;4,49;HB DBH=85mm
10000215,0;1;1,0;15,53;8,27;
10000215,0;1;2,0;-4,73;-14,56;DB
10000216,0;1;1,0;-17,25;-22,46;
10000216,0;1;2,0;5,28;5,97;DB DBH=220mm,u plotu oplocenky
10000217,0;1;1,0;12,53;-6,01;DB 260
10000217,0;1;2,0;-0,72;13,81;
10000219,0;1;1,0;-1,49;16,69;DB
10000219,0;1;2,0;11,75;4,9;DB
10000221,0;1;1,0;-11,05;-13,07;
10000221,0;1;2,0;-11,79;8,97;DB  310
10000229,0;1;1,0;1,36;-16,81;
10000229,0;1;2,0;-12,33;0,44;DB DBH=245mm
10000231,0;1;1,0;0,57;23,5;
10000231,0;1;2,0;-7,64;1,51;
10000236,0;1;1,0;9,45;-11,67;
10000236,0;1;2,0;3,84;6,89;BK DBH 260mm
10000237,0;1;1,0;5,9;21,93;
10000237,0;1;2,0;-4,88;12,85;HB 150
10000237,0;1;3,0;4,48;0,42;
10000238,0;1;1,0;16,62;8,44;
10000238,0;1;2,0;-6,11;-4,38;HB DBH=130mm
10000247,0;1;1,0;-15,65;-7,32;
10000247,0;1;2,0;-8,56;6,28;HB 135mm
10000248,0;1;1,0;-13,01;11,56;
10000248,0;1;2,0;-5,65;-9,79;LP DBH=160mm
20075380,0;1;1,0;1,04;-8,06;DB 7 cm 10306
20075380,0;1;2,0;6,84;2,32;HB 9 cm 6289
20079383,0;1;1,0;0,15;8,22;DB 9 cm stotek 2614
20079383,0;1;2,0;-5,69;-3,39;DB 40 cm
20079383,0;1;3,0;-5,12;-0,21;Trubka s cervenym koncem
20096444,0;1;1,0;-1,66;-13,94;LP 22 cm
20096444,0;1;2,0;13,37;4,26;BK 35 cm s pruhem DIL
20100449,0;1;1,0;8,04;6,79;DB 14 cm
20100449,0;1;2,0;2,52;-1,67;HB 13 cm
20103472,0;1;1,0;-12,58;3,72;DB  26 cm
20103472,0;1;2,0;5,66;-9,58;BRK 23 cm
20107480,0;1;1,0;-15,29;9,74;HB 21 cm
20107480,0;1;2,0;-6,84;-14,82;BRK 17 cm
20113474,0;1;1,0;13,29;13,61;DB 32 cm
20113474,0;1;2,0;-16,03;0,22;HB 30 cm pruhy rezervace
20114491,0;1;1,0;12,23;10,19;HB 25 cm
20114491,0;1;2,0;-8,91;1,42;DB 26 cm
20116468,0;1;1,0;-8,15;1,68;TR 6cm 
20116468,0;1;2,0;6,0;-5,02;DB 8cm
20118474,0;1;1,0;9,77;-6,49;BO 31 cm
20118474,0;1;2,0;-7,08;6,37;LP 11cm
20121496,0;1;1,0;-19,49;2,25;DB 37 cm
20121496,0;1;2,0;7,98;5,55;BBK  28 cm
20121508,0;1;1,0;4,54;17,44;Rozcestnik
20121508,0;1;2,0;3,54;8,73;DB 32 cm
20122485,0;1;1,0;0,47;7,02;DB 12 cm
20122485,0;1;2,0;-4,98;-2,62;BREK 32 cm
20124502,0;1;1,0;-12,8;14,07;MD s bilym pruhem
20124502,0;1;2,0;-9,17;4,06;BR 5m u cesty
20126490,0;1;1,0;11,46;10,47;DB 30 cm
20126490,0;1;2,0;-1,22;-11,06;BRK 28 cm
20127519,0;1;1,0;-10,38;-19,44;Sloup elktrovodu
20127519,0;1;2,0;13,1;4,1;BBK 32 cm u silnice
20128512,0;1;1,0;0,56;23,12;HB 24 cm
20128512,0;1;2,0;3,44;-1,67;BRK 34 cm
20129490,0;1;1,0;-4,93;-1,03;BK 6m
20129490,0;1;2,0;0,71;-0,58;BK 6m
20134510,0;1;1,0;-12,93;5,46;BK  16 cm
20134510,0;1;2,0;11,42;-3,8;DB 32 cm
20136517,0;1;1,0;12,63;-6,32;DB 31 cm
20136517,0;1;2,0;-3,44;10,05;DB 29 cm
30000018,0;1;1,0;2,49;20,73;
30000018,0;1;2,0;7,22;8,63;JV DBH=cca 200 mm
30000018,0;1;3,0;-1,6;-1,3;
30000019,0;1;1,0;-15,31;15,05;
30000019,0;1;2,0;-5,42;-1,68;
30000020,0;1;1,0;13,3;0,06;
30000020,0;1;2,0;-3,78;10,6;HB DBH=150mm
30000025,0;1;1,0;16,64;1,72;DB
30000025,0;1;2,0;-8,68;8,15;LP DBH=170mm
30000026,0;1;1,0;9,18;-9,47;
30000026,0;1;2,0;0,39;-11,86;DB 270
30000026,0;1;3,0;-10,64;0,31;
30000029,0;1;1,0;-5,41;15,62;
30000029,0;1;2,0;-2,23;6,24;JV  turisticka znacka
30000030,0;1;1,0;-15,9;8,81;
30000030,0;1;2,0;8,42;-5,94;
30000030,0;1;3,0;-9,92;-2,16;HB DBH=260mm
30000030,0;1;4,0;-1,37;3,05;DB DBH=110mm
30000110,0;1;1,0;-9,92;11,87;
30000110,0;1;2,0;-0,33;13,19;HB DBH=cca110mm
30000110,0;1;3,0;8,33;2,41;HB
30000117,0;1;1,0;10,86;-8,4;
30000117,0;1;2,0;7,53;4,97;DB DBH=265mm
30000117,0;1;3,0;0,48;-4,34;
30000118,0;1;1,0;2,23;22,85;
30000118,0;1;2,0;9,56;-1,82;HB
30000119,0;1;1,0;9,97;-16,56;
30000119,0;1;2,0;6,52;10,24;LP DBH=115mm
30000128,0;1;1,0;-19,84;4,93;
30000128,0;1;2,0;4,11;-3,31;
30000212,0;1;1,0;-6,86;-14,72;
30000212,0;1;2,0;8,77;-8,75;LP DBH=195mm
30000218,0;1;1,0;-9,56;-16,88;
30000218,0;1;2,0;1,81;3,68;
30000225,0;1;1,0;-9,77;-14,77;DB
30000225,0;1;2,0;-11,71;-2,68;DB
30000226,0;1;1,0;-0,86;-16,18;KL 190
30000226,0;1;2,0;-1,29;1,41;
30000227,0;1;1,0;3,39;-14,72;
30000227,0;1;2,0;12,24;-2,42;HB trojak DBH= cca140mm
30000227,0;1;3,0;0,18;-1,88;
30000232,0;1;1,0;-10,25;-13,38;
30000232,0;1;2,0;8,87;1,86;DB
30000232,0;1;3,0;-2,87;-0,43;LP
30000233,0;1;1,0;-16,81;1,82;
30000233,0;1;2,0;-10,53;0,79;LP DBH=220mm
30000233,0;1;3,0;0,64;-0,82;
30000234,0;1;1,0;-16,72;2,01;DB
30000234,0;1;2,0;-2,2;-10,14;LP DBH=175mm
30000235,0;1;1,0;4,35;-19,39;
30000235,0;1;2,0;13,24;6,94;DB 195
30000239,0;1;1,0;14,62;-3,04;
30000239,0;1;2,0;1,02;-10,92;DB DBH=cca230 mm
30000239,0;1;3,0;0,8;0,48;
30000240,0;1;1,0;15,43;-4,6;
30000240,0;1;2,0;4,95;-12,67;HB DBH 95
30000240,0;1;3,0;-5,66;1,8;
30000241,0;1;1,0;18,31;-4,14;DB 350,oznacen cislo 23
30000241,0;1;2,0;0,27;2,28;DB 335
30000244,0;1;1,0;4,66;-12,26;DB DBH=200mm
30000244,0;1;2,0;-6,5;-10,6;LP DBH=cca 200 mm
30000245,0;1;1,0;-11,55;-11,6;DB
30000245,0;1;2,0;5,86;-3,01;TR DBH=cca 100 mm
30000249,0;1;1,0;-18,54;5,23;MD
30000249,0;1;2,0;-5,22;9,72;Tresen dbh=120mm
30000250,0;1;1,0;-8,82;-8,02;LP 25 cm
30000250,0;1;2,0;4,63;0,26;LP  u pruseku
30000254,0;1;1,0;-13,06;6,28;
30000254,0;1;2,0;-1,12;-0,17;
30000255,0;1;1,0;18,79;-6,5;
30000255,0;1;2,0;8,34;1,31;DB
30000255,0;1;3,0;1,6;-4,91;DB DBH=100mm
40000006,0;1;1,0;0,93;-16,04;U plotu
40000006,0;1;2,0;1,82;3,26;strom c.2
40000007,0;1;1,0;5,19;9,35;1m za potokem,zhruba 5m od rohu zimaku
40000007,0;1;2,0;0,31;0,09;
40000010,0;1;1,0;-22,51;-4,96;
40000010,0;1;2,0;20,86;1,83;
40000010,0;1;3,0;-7,28;4,51;Oznacen navic
40000011,0;1;1,0;-2,87;-12,93;
40000011,0;1;2,0;12,36;-4,11;
40000012,0;1;1,0;-2,46;16,16;
40000012,0;1;2,0;13,3;5,15;
40000013,0;1;1,0;0,58;14,98;U cesty
40000013,0;1;2,0;12,51;0,54;
40000014,0;1;1,0;-11,68;12,66;
40000014,0;1;2,0;-10,12;-9,45;
40000015,0;1;1,0;-14,25;6,68;
40000015,0;1;2,0;-1,69;-12,21;
40000016,0;1;1,0;-15,97;9,74;Nad pesinou
40000016,0;1;2,0;-1,38;-9,63;nad cestou
40000018,0;1;1,0;-17,73;9,09;
40000018,0;1;2,0;10,86;9,37;
40000019,0;1;1,0;-14,14;-1,76;
40000019,0;1;2,0;3,28;13,62;
40000020,0;1;1,0;20,05;22,05;Na okraji lesa, tmave zeleny p
40000020,0;1;2,0;14,11;10,72;5 m od linky
40000020,0;1;3,0;-13,73;4,53;
40000022,0;1;1,0;24,85;14,81;Nad plotem
40000022,0;1;2,0;1,25;9,77;
40000023,0;1;1,0;-12,55;6,26;
40000023,0;1;2,0;-7,29;-11,03;
40000024,0;1;1,0;-11,24;9,48;Nad cestou
40000024,0;1;2,0;-0,7;12,83;
40000027,0;1;1,0;6,98;17,5;
40000027,0;1;2,0;-12,15;3,43;
40000028,0;1;1,0;-13,87;7,0;
40000028,0;1;2,0;14,12;4,0;dvojak
40000029,0;1;1,0;-9,06;-11,9;
40000029,0;1;2,0;-5,5;-13,62;
40000029,0;1;3,0;-8,52;-9,04;
40000030,0;1;1,0;13,77;1,63;
40000030,0;1;2,0;-7,54;4,64;
40000031,0;1;1,0;21,47;16,41;
40000031,0;1;2,0;1,85;3,66;
40000032,0;1;1,0;8,88;-25,66;Mimo oploceni
40000032,0;1;2,0;3,99;26,61;Pred posedem
40000032,0;1;3,0;-3,06;5,3;
40000032,0;1;4,0;1,4;-0,61;
40000033,0;1;1,0;-15,1;2,9;Pod cestou
40000033,0;1;2,0;5,0;-5,25;
40000035,0;1;1,0;-11,49;-9,17;
40000035,0;1;2,0;-9,1;9,04;
40000036,0;1;1,0;13,55;7,27;
40000036,0;1;2,0;-11,69;-8,39;
40000036,0;1;3,0;-2,68;4,8;kmen c.6
40000039,0;1;1,0;6,76;19,98;
40000039,0;1;2,0;12,84;-7,1;
40000040,0;1;1,0;15,39;5,15;
40000040,0;1;2,0;-12,03;5,64;
40000041,0;1;1,0;-7,25;-16,85;
40000041,0;1;2,0;-3,44;11,97;nad cestou
40000042,0;1;1,0;-3,34;13,64;
40000042,0;1;2,0;11,86;6,28;DB c.53
40000043,0;1;1,0;10,05;-14,21;
40000043,0;1;2,0;-13,5;-2,2;HB u cesty
40000044,0;1;1,0;-1,8;18,65;
40000044,0;1;2,0;-0,53;-13,6;
40000045,0;1;1,0;12,49;7,06;
40000045,0;1;2,0;9,72;-5,61;
40000046,0;1;1,0;-17,53;-12,16;U potoka. Vytezen
40000046,0;1;2,0;-15,51;1,51;Nad pesinou
40000046,0;1;3,0;-0,14;-10,19;u cesty
40000047,0;1;1,0;-20,66;-4,37;
40000047,0;1;2,0;-8,3;8,71;
40000050,0;1;1,0;-8,06;15,67;U cesty
40000050,0;1;2,0;-2,03;11,66;
40000051,0;1;1,0;-13,05;-9,87;
40000051,0;1;2,0;7,59;-12,38;
40000052,0;1;1,0;6,9;-12,66;u cesty
40000052,0;1;2,0;4,04;-11,7;U cesty
40000053,0;1;1,0;12,81;-0,82;
40000053,0;1;2,0;-5,04;6,03;
40000055,0;1;1,0;-14,84;-10,65;
40000055,0;1;2,0;8,14;-12,13;
40000056,0;1;1,0;8,32;-21,55;
40000056,0;1;2,0;14,49;0,5;
40000057,0;1;1,0;8,31;-11,25;
40000057,0;1;2,0;2,19;2,95;
40000058,0;1;1,0;-7,56;16,13;
40000058,0;1;2,0;1,77;-11,89;
40000059,0;1;1,0;0,94;-16,4;
40000059,0;1;2,0;9,84;-8,12;
40000059,0;1;3,0;-2,27;-1,38;primeren navic
40000060,0;1;1,0;3,57;-14,11;
40000060,0;1;2,0;-2,34;-0,45;Priznacen navic
40000061,0;1;1,0;13,11;6,89;
40000061,0;1;2,0;-13,15;1,65;
40000062,0;1;1,0;-13,9;-0,79;
40000062,0;1;2,0;1,37;1,31;Pro jistotu priznacen
40000065,0;1;1,0;-14,88;6,08;
40000065,0;1;2,0;-15,17;1,32;
40000066,0;1;1,0;8,16;-10,86;
40000066,0;1;2,0;0,25;5,02;
40000067,0;1;1,0;15,53;2,16;
40000067,0;1;2,0;-3,56;-7,84;Primeren navíc
40000068,0;1;1,0;17,28;-22,29;
40000068,0;1;2,0;-4,19;11,28;
40000068,0;1;3,0;-2,25;2,18;Oznacen navic
40000069,0;1;1,0;-5,37;14,46;
40000069,0;1;2,0;13,34;-3,34;U pesiny
40000069,0;1;3,0;-10,64;-3,58;
40000070,0;1;1,0;-16,22;5,31;
40000070,0;1;2,0;6,01;12,67;strom c. 97
40000072,0;1;1,0;-16,72;-10,2;
40000072,0;1;2,0;12,47;-4,15;
40000073,0;1;1,0;-2,31;-18,63;
40000073,0;1;2,0;12,05;9,14;
40000074,0;1;1,0;13,77;8,1;
40000074,0;1;2,0;-7,26;-0,78;
40000076,0;1;1,0;-1,62;26,63;
40000076,0;1;2,0;-8,98;-13,78;
40000077,0;1;1,0;-15,94;-4,57;
40000077,0;1;2,0;-13,93;1,61;
40000078,0;1;1,0;-21,78;13,04;U oplocenky
40000078,0;1;2,0;9,08;-11,34;
40000078,0;1;3,0;-2,86;9,95;
40000078,0;1;4,0;1,06;1,11;
40000079,0;1;1,0;13,43;-4,69;
40000079,0;1;2,0;-3,72;-12,17;
40000079,0;1;3,0;-8,54;7,85;u cesty
40000080,0;1;1,0;-18,66;3,39;
40000080,0;1;2,0;-3,25;6,95;245
40000081,0;1;1,0;-13,9;8,1;Nad cestou
40000081,0;1;2,0;10,28;7,1;
40000082,0;1;1,0;-7,01;-9,65;
40000082,0;1;2,0;2,22;-0,56;Oznaceny kmen
40000083,0;1;1,0;10,18;6,22;
40000083,0;1;2,0;-0,2;-10,92;
40000084,0;1;1,0;-12,02;-0,2;
40000084,0;1;2,0;1,65;-3,77;U oplocenky
40000085,0;1;1,0;22,41;5,38;
40000085,0;1;2,0;-0,89;-3,95;
40000086,0;1;1,0;-14,93;-0,02;
40000086,0;1;2,0;-0,73;13,39;
40000088,0;1;1,0;-4,5;-20,64;
40000088,0;1;2,0;-1,76;-17,04;Pod pesinou
40000089,0;1;1,0;-11,6;-9,63;
40000089,0;1;2,0;7,07;13,13;
40000090,0;1;1,0;12,66;-8,82;
40000090,0;1;2,0;9,52;-11,05;
40000090,0;1;3,0;-0,87;1,39;
40000091,0;1;1,0;-7,2;-24,48;
40000091,0;1;2,0;0,18;-16,85;
40000091,0;1;3,0;-11,18;-10,88;tezba
40000092,0;1;1,0;13,34;-4,72;U cesty
40000092,0;1;2,0;-2,55;-11,14;u cesty
40000094,0;1;1,0;-16,85;-4,24;
40000094,0;1;2,0;-2,84;-11,46;
40000095,0;1;1,0;-5,32;-16,95;
40000095,0;1;2,0;16,06;0,36;
40000097,0;1;1,0;-6,59;-19,18;
40000097,0;1;2,0;-12,61;6,37;
40000100,0;1;1,0;-4,33;-17,56;
40000100,0;1;2,0;7,1;11,97;
40000101,0;1;1,0;-17,04;4,65;Ucesty
40000101,0;1;2,0;-9,7;-0,45;u cesty
40000103,0;1;1,0;27,2;-8,17;U dilce
40000103,0;1;2,0;13,72;-11,23;dvojak
40000103,0;1;3,0;5,07;-3,51;Oznacen navic
40000104,0;1;1,0;1,3;-18,16;U cesty
40000104,0;1;2,0;16,18;2,16;
40000105,0;1;1,0;1,72;-13,26;HB 2m od cesty
40000105,0;1;2,0;-3,13;-4,97;
40000105,0;1;3,0;0,62;0,99;
40000106,0;1;1,0;21,11;-1,8;habr u cesty
40000106,0;1;2,0;-2,71;-9,29;
40000107,0;1;1,0;13,36;2,37;
40000107,0;1;2,0;-4,46;-3,69;Priznacen navic
40000108,0;1;1,0;15,05;0,61;
40000108,0;1;2,0;-2,68;7,76;
40000111,0;1;1,0;10,87;-14,75;
40000111,0;1;2,0;4,98;-17,05;
40000113,0;1;1,0;-7,54;-16,7;
40000113,0;1;2,0;-2,23;1,81;Priznacen misto BO
40000114,0;1;1,0;-24,52;-5,03;u cesty
40000114,0;1;2,0;-3,19;-20,38;U cesty
40000114,0;1;3,0;3,97;-1,33;Oznacen navíc
40000115,0;1;1,0;-7,79;16,51;
40000115,0;1;2,0;15,57;1,3;
40000117,0;1;1,0;16,61;8,86;
40000117,0;1;2,0;1,13;14,6;
40000118,0;1;1,0;14,7;-5,58;
40000118,0;1;2,0;0,88;13,94;
40000119,0;1;1,0;15,37;-11,21;
40000119,0;1;2,0;10,23;13,26;
40000120,0;1;1,0;-13,25;-11,47;
40000120,0;1;2,0;-6,48;-13,05;
40000121,0;1;1,0;-5,35;-16,88;
40000121,0;1;2,0;-10,13;9,3;
40000122,0;1;1,0;-15,62;13,05;
40000122,0;1;2,0;-4,09;7,14;
40000122,0;1;3,0;5,4;-5,68;
40000123,0;1;1,0;-14,64;1,53;
40000123,0;1;2,0;7,32;-12,58;
40000124,0;1;1,0;-10,89;10,22;
40000124,0;1;2,0;8,53;6,68;polykormon
40000202,0;1;1,0;17,54;1,02;
40000202,0;1;2,0;-8,73;-11,92;
40000203,0;1;1,0;-8,69;11,48;
40000203,0;1;2,0;2,11;-14,17;
40000204,0;1;1,0;8,98;-17,08;
40000204,0;1;2,0;-12,34;-8,5;
40000205,0;1;1,0;14,11;5,16;
40000205,0;1;2,0;2,77;-8,32;Krivy
40000207,0;1;1,0;15,95;12,5;
40000207,0;1;2,0;14,06;12,05;
40000208,0;1;1,0;15,88;-7,64;
40000208,0;1;2,0;10,47;10,99;U cesty
40000209,0;1;1,0;-9,95;8,56;
40000209,0;1;2,0;6,6;10,76;U cesty
40000213,0;1;1,0;-12,41;20,3;
40000213,0;1;2,0;13,61;-0,64;
40000214,0;1;1,0;9,27;17,8;U cesty
40000214,0;1;2,0;13,52;-3,64;za cestou
40000215,0;1;1,0;14,62;-6,11;
40000215,0;1;2,0;1,59;14,24;
40000216,0;1;1,0;-2,11;-10,91;Nad plání
40000216,0;1;2,0;-8,37;5,59;
40000218,0;1;1,0;-16,8;-12,89;
40000218,0;1;2,0;-6,67;11,42;
40000219,0;1;1,0;10,23;13,26;Mezi cestami
40000219,0;1;2,0;-2,01;16,33;u cesty
40000220,0;1;1,0;-9,95;-13,54;
40000220,0;1;2,0;11,55;-2,78;
40000221,0;1;1,0;-21,69;5,76; 5 m od cesty za potokem
40000221,0;1;2,0;2,69;4,28;Na rohu oplocenky
40000223,0;1;1,0;21,37;8,25;Vytezen
40000223,0;1;2,0;-16,27;9,32;
40000223,0;1;3,0;3,23;-15,94;Vystavek v oplocence
40000223,0;1;4,0;-12,03;6,81;
40000224,0;1;1,0;-11,53;23,25;
40000224,0;1;2,0;-1,81;17,13;
40000225,0;1;1,0;-3,28;20,55;
40000225,0;1;2,0;9,69;-8,7;2m od cesty
40000225,0;1;3,0;11,75;4,32;
40000226,0;1;1,0;1,85;-25,55;
40000228,0;1;1,0;-1,03;-13,7;
40000228,0;1;2,0;-1,53;12,11;
40000229,0;1;1,0;7,5;18,11;Mezi potokem a L
40000229,0;1;2,0;12,25;-2,17;
40000230,0;1;1,0;-18,72;-6,64;
40000230,0;1;2,0;-6,33;-17,34;
40000231,0;1;1,0;-10,74;-22,41;
40000231,0;1;2,0;-17,8;3,32;
40000231,0;1;3,0;-6,53;-15,46;
40000232,0;1;1,0;25,67;-3,65;
40000232,0;1;2,0;22,77;-7,54;
40000232,0;1;3,0;3,01;3,08;Primeren navic
40000233,0;1;1,0;-11,64;-9,13;
40000233,0;1;2,0;-11,55;8,67;
40000234,0;1;1,0;-9,47;14,7;
40000234,0;1;2,0;2,23;4,26;
40000235,0;1;1,0;-11,64;-13,33;
40000235,0;1;2,0;-5,77;12,59;
40000237,0;1;1,0;-3,69;-17,85;
40000237,0;1;2,0;0,4;14,35;
40000240,0;1;1,0;-16,66;-12,59;
40000240,0;1;2,0;-11,63;7,88;
40000241,0;1;1,0;-12,97;-2,04;
40000241,0;1;2,0;-1,85;1,67;Pro jistotu priznacen
40000242,0;1;1,0;-15,68;-3,04;
40000242,0;1;2,0;0,66;13,11;
40000245,0;1;1,0;13,72;-6,55;
40000245,0;1;2,0;11,16;-1,57;
40000246,0;1;1,0;4,47;-19,53;Mezi potoky
40000246,0;1;2,0;-1,99;-0,41;Priznacen pro jistotu
40000247,0;1;1,0;10,79;10,64;
40000247,0;1;2,0;4,65;-14,22;
40000248,0;1;1,0;16,12;-3,03;Cilovy
40000248,0;1;2,0;-8,4;10,19;
40000251,0;1;1,0;15,25;-6,1;u cesty
40000251,0;1;2,0;-15,77;0,05;
40000252,0;1;1,0;-1,89;-22,64;
40000252,0;1;2,0;19,82;7,79;
40000253,0;1;1,0;6,31;-19,46;
40000253,0;1;2,0;12,98;-11,87;
40000253,0;1;3,0;-3,11;-13,32;
40000254,0;1;1,0;0,23;16,5;u potoka
40000254,0;1;2,0;9,39;13,17;U potoka
40000256,0;1;1,0;-17,15;4,49;
40000256,0;1;2,0;-13,44;-3,53;
40000257,0;1;1,0;12,6;6,64;
40000257,0;1;2,0;7,62;-0,24;v plose
40000258,0;1;1,0;4,64;12,41;
40000258,0;1;2,0;-12,99;1,28;
40000259,0;1;1,0;-11,29;-11,02;
40000259,0;1;2,0;11,05;-9,33;
40000260,0;1;1,0;23,84;6,56;
40000260,0;1;2,0;-2,64;-1,43;Oznacen navic
40000261,0;1;1,0;-17,38;-3,21;
40000261,0;1;2,0;3,61;-1,63;Oznacen navic
40000262,0;1;1,0;4,15;18,08;
40000262,0;1;2,0;-13,19;10,6;pres cestu
40000263,0;1;1,0;-7,7;12,98;
40000263,0;1;2,0;7,95;-6,18;u pesiny
50085416,0;1;1,0;-13,94;12,62;dbz 180
50085416,0;1;2,0;-9,16;13,39;dbz 170
50092417,0;1;1,0;-21,87;-3,34;bk 180
50092417,0;1;2,0;5,24;11,94;lp 120
50094426,0;1;1,0;5,76;-0,89;lp 75
50094426,0;1;2,0;-0,08;1,12;hb 50 u stredu
50098438,0;1;1,0;15,51;8,99;lp 340
50098438,0;1;2,0;-3,51;16,25;bo 380
50100417,0;1;1,0;12,55;9,63;hb 180
50100417,0;1;2,0;7,14;13,1;lp 160
50100425,0;1;1,0;-1,79;14,41;bo 340
50100425,0;1;2,0;-7,67;2,92;balvan u cesty
50102435,0;1;1,0;-23,07;14,08;hb 180
50102435,0;1;2,0;22,8;-11,92;hb 140
50104453,0;1;1,0;1,32;20,98;md 330
50104453,0;1;2,0;10,39;-7,52;kl 280
50108417,0;1;1,0;11,21;-11,73;hb 170
50108417,0;1;2,0;6,32;12,52;lp 140
50108425,0;1;1,0;-0,97;-16,0;dbz 250
50108425,0;1;2,0;6,98;13,64;lp 140
50108433,0;1;1,0;0,35;-22,72;dbz 300
50108433,0;1;2,0;-14,4;-3,06;bk 280
50109409,0;1;1,0;-11,84;13,06;bk 290
50109409,0;1;2,0;-5,97;-13,18;hb 130
50110442,0;1;1,0;16,01;-7,84;dbz 260
50110442,0;1;2,0;-8,82;12,58;dbz 250
50112461,0;1;1,0;32,18;-18,11;tr 320 pres cestu
50112461,0;1;2,0;-3,37;-12,67;md 260
50113426,0;1;1,0;3,5;-15,43;dbz 320
50113426,0;1;2,0;2,79;13,75;lp 120
50114459,0;1;1,0;15,76;-5,3;dbz 120
50114459,0;1;2,0;14,21;6,0;dbz 160
50115435,0;1;1,0;13,58;-13,34;lp 240
50115435,0;1;2,0;7,64;10,56;dbz 270
50116412,0;1;1,0;-20,41;12,85;lp 320, hranice dilce
50116412,0;1;2,0;15,32;-9,68;lp 270
50118454,0;1;1,0;-16,47;12,41;dbz 220
50118454,0;1;2,0;10,94;-13,56;dbz 260
50120472,0;1;1,0;26,0;-20,02;hb 130
50120472,0;1;2,0;9,23;-19,56;hb 150
50121432,0;1;1,0;-17,99;7,05;dbz 300
50121432,0;1;2,0;-8,29;13,12;hb 280
50121464,0;1;1,0;-4,44;19,73;hb 310
50121464,0;1;2,0;-7,1;-16,35;hb 180
50122449,0;1;1,0;-1,19;-18,49;dbz 240
50122449,0;1;2,0;16,12;0,11;dbz 340
50123417,0;1;1,0;11,12;-8,38;DB 23cm
50123417,0;1;2,0;-10,27;3,08;BK  37 cm
50123441,0;1;1,0;17,93;-10,99;hb 140
50123441,0;1;2,0;4,55;-14,0;hb 120 u cesty
50127415,0;1;1,0;-14,66;10,5;LP 34 cm
50127415,0;1;2,0;6,35;-6,41;LP 19 cm
50127431,0;1;1,0;-15,97;-1,42;LP 34 cm
50127431,0;1;2,0;-2,03;2,88;Prez BK po dvojaku 1m vysoky
50129406,0;1;1,0;-3,67;-6,0;LP 25 cm
50129406,0;1;2,0;-0,92;3,09;LP 5 m
50130471,0;1;1,0;8,51;8,78;lp 80
50130471,0;1;2,0;-1,09;-0,29;jd 145 u stredu
50131424,0;1;1,0;-7,5;-2,22;SM 17 cm
50131424,0;1;2,0;2,69;1,39;SM 13 cm
50132441,0;1;1,0;-11,51;-5,42;LP 26 cm
50132441,0;1;2,0;11,72;0,16;SM 15cm
50132449,0;1;1,0;7,19;10,87;lp 520, hranice oddeleni, u cesty
50132449,0;1;2,0;0,62;-0,37;hb 60, u stredu
50132457,0;1;1,0;6,37;-9,01;lp 170, polykormon
50132457,0;1;2,0;3,76;1,46;lp 90, polykormon
50133417,0;1;1,0;9,84;3,99;HB 5m
50133417,0;1;2,0;-4,91;7,59;DB 36 cm
50134466,0;1;1,0;-1,86;-13,09;bk 90
50134466,0;1;2,0;0,09;6,92;jvm 240 nad cestou
50136485,0;1;1,0;16,79;-8,74;dg 190
50136485,0;1;2,0;-11,25;13,17;dg 420
50138478,0;1;1,0;20,21;0,53;hb 220
50138478,0;1;2,0;9,28;-12,32;hb 230
50138494,0;1;1,0;-5,74;-14,97;md 280 v holine
50138494,0;1;2,0;0,78;14,9;bk 200
50139432,0;1;1,0;-4,89;16,41;md 210
50139432,0;1;2,0;4,34;-12,28;dbz 260
50140449,0;1;1,0;26,92;0,65;dbz 320 pres cestu
50140449,0;1;2,0;1,92;2,34;lp 80
50140457,0;1;1,0;2,4;23,7;dbz 190 pres cestu
50140457,0;1;2,0;-6,33;-12,17;bo 330
50140465,0;1;1,0;2,65;24,21;hb 260
50140465,0;1;2,0;-10,07;-9,76;hb 270
50141440,0;1;1,0;7,17;-7,43;db 115
50141440,0;1;2,0;0,93;-2,35;db 119
50141472,0;1;1,0;20,84;-14,27;hb 180
50141472,0;1;2,0;5,85;15,56;hb 170
50143490,0;1;1,0;3,74;18,55;dbz 280
50143490,0;1;2,0;-15,12;10,35;hb 300
50146484,0;1;1,0;18,51;-2,17;lp 210
50146484,0;1;2,0;12,28;12,21;hb 160
50146500,0;1;1,0;16,45;3,52;dbz 210 pres cestu
50146500,0;1;2,0;11,52;-10,41;dbz 190 pres cestu
50148455,0;1;1,0;27,73;4,04;dg 400
50148455,0;1;2,0;9,42;8,85;md 450 vystavek
50148463,0;1;1,0;-2,25;15,87;tr 170
50148463,0;1;2,0;-8,39;12,34;tr 130
50148471,0;1;1,0;6,55;16,8;md 200
50148471,0;1;2,0;-13,43;-8,55;bo 270
50149448,0;1;1,0;12,22;-8,56;dbz 170
50149448,0;1;2,0;-8,67;10,12;dbz dvojak 150 u cesty
50149480,0;1;1,0;-4,72;13,42;hb 240
50149480,0;1;2,0;-11,65;7,8;hb 200
50151498,0;1;1,0;14,63;-8,31;sm 280
50151498,0;1;2,0;6,76;-11,13;sm 250
50153463,0;1;1,0;2,59;-15,81;bk 220 hranice dilce
50153463,0;1;2,0;-14,68;-2,72;bk 170
50153495,0;1;1,0;11,73;-7,13;hb 235
50153495,0;1;2,0;-5,46;12,15;pamatnik J. Konsela
50154480,0;1;1,0;-4,85;17,15;tr 150 u cesty
50154480,0;1;2,0;-9,13;-4,81;jd 190
50156522,0;1;1,0;21,54;-4,07;br 240 pres cestu
50156522,0;1;2,0;0,0;-16,23;
50159463,0;1;1,0;-0,76;15,71;dbz 200
50159463,0;1;2,0;-12,34;4,17;dbz 210
50160512,0;1;1,0;33,4;-5,35;dbz 340
50160512,0;1;2,0;-2,94;-17,79;sm 220
50162518,0;1;1,0;5,67;15,84;sm 250 u cesty
50162518,0;1;2,0;10,51;-12,62;sm 295
50162526,0;1;1,0;3,12;-14,19;tr 105
50162526,0;1;2,0;2,25;-6,12;balvan u cesty
50162550,0;1;1,0;28,12;-6,33;bo 470 hranice pr
50162550,0;1;2,0;-1,34;-15,37;bk 475 hranice pr
50164545,0;1;1,0;12,68;-11,66;bk 300
50164545,0;1;2,0;-13,28;-1,93;bk 270
50165466,0;1;1,0;-11,1;15,45;bo 150
50165466,0;1;2,0;7,3;-13,01;dbz 100
60000102,0;1;1,0;9,05;8,96;BK
60000102,0;1;2,0;-2,13;1,9;BK
60000107,0;1;1,0;-17,0;15,52;BK
60000107,0;1;2,0;-0,04;3,86;BK
60000109,0;1;1,0;13,55;-3,72;BK
60000109,0;1;2,0;-9,62;-7,57;BK DBH=185mm
60000111,0;1;1,0;8,31;31,9;BK
60000111,0;1;2,0;-4,4;-8,16;BK
60000111,0;1;3,0;-4,22;3,2;BK DBH=90mm
60000116,0;1;1,0;-2,5;17,08;BK
60000116,0;1;2,0;-13,93;1,25;BK DBH=192mm
60000118,0;1;1,0;-15,5;17,18;BK DBH=335mm
60000118,0;1;2,0;17,53;-5,66;BK
60000121,0;1;1,0;-12,58;12,49;nenalezen 2022
60000121,0;1;2,0;2,72;12,53;BK
60000121,0;1;3,0;10,44;-3,77;BK DBH=240mm
60000124,0;1;1,0;-15,93;16,06;
60000124,0;1;2,0;12,59;7,83;BK DBH=175mm
60000124,0;1;3,0;-11,16;6,69;
60000127,0;1;1,0;-0,02;-4,87;BK
60000127,0;1;2,0;-0,49;1,03;BK
60000129,0;1;1,0;-1,31;-21,48;BK
60000129,0;1;2,0;10,84;3,39;BK DBH=220mm
60000131,0;1;1,0;-8,59;17,69;BK
60000131,0;1;2,0;-8,31;-5,49;BK
60000137,0;1;1,0;13,43;10,46;Bk DBH=200mm
60000137,0;1;2,0;1,25;-15,69;
60000520,0;1;1,0;-14,18;-5,92;BK
60000520,0;1;2,0;9,21;-11,02;
60000520,0;1;3,0;0,94;-13,38;BK DBH=120mm
60000523,0;1;1,0;-11,71;10,11;MD
60000523,0;1;2,0;-1,74;-12,04;BK DBH 205
60000531,0;1;1,0;-11,13;-1,24;LP
60000531,0;1;2,0;1,82;4,97;BK 15 cm
60000535,0;1;1,0;17,3;6,78;BK
60000535,0;1;2,0;3,52;-15,48;BK DBH=160mm
60000536,0;1;1,0;-12,9;3,33;
60000536,0;1;2,0;-2,17;3,35;MD
60000536,0;1;3,0;3,56;0,48;BK
60000538,0;1;1,0;-11,91;10,06;BK DBH=220mm
60000538,0;1;2,0;-9,85;8,97;
60000538,0;1;3,0;-0,82;-4,21;MD
60000553,0;1;1,0;22,82;16,5;
60000553,0;1;2,0;7,93;-14,8;
60000553,0;1;3,0;1,6;-16,67;
60000553,0;1;4,0;2,0;6,05;BK DBH=201mm
60000555,0;1;1,0;14,29;-0,52;BK
60000555,0;1;2,0;6,6;-12,54;BK
60000563,0;1;1,0;10,92;-6,1;
60000563,0;1;2,0;-7,45;-9,27;BK DBH=140mm
60000575,0;1;1,0;19,76;-13,82;BK DBH=80mm za cestou
60000575,0;1;2,0;-2,33;1,17;BK
60000576,0;1;1,0;3,15;-19,03;BK
60000576,0;1;2,0;12,83;13,24;BK
60000589,0;1;1,0;-3,3;14,79;BK
60000589,0;1;2,0;7,84;-2,24;BK DBH=185
60000590,0;1;1,0;16,29;2,56;BK
60000590,0;1;2,0;1,51;-8,54;BK
60000596,0;1;1,0;24,61;4,47;
60000596,0;1;2,0;6,25;-4,75;BK DBH=115mm
60000596,0;1;3,0;7,43;0,89;
60000596,0;1;4,0;-1,92;-0,92;BK
60000611,0;1;1,0;-9,17;10,39;HB DBH=170mm
60000611,0;1;2,0;12,74;2,4;BK
60000612,0;1;1,0;18,54;1,66;
60000612,0;1;2,0;-12,3;-5,63;
60000612,0;1;3,0;8,86;-8,1;BK DBH=90mm
60000612,0;1;4,0;1,05;3,37;BK
60000615,0;1;1,0;20,83;7,25;BK
60000615,0;1;2,0;-0,15;-9,12;BK
60000625,0;1;1,0;6,79;-12,62;
60000625,0;1;2,0;1,05;12,47;BK DBH=80mm
60000625,0;1;3,0;6,59;0,23;BK
60000627,0;1;1,0;4,62;-14,25;BK
60000627,0;1;2,0;13,04;-6,61;BK
60000627,0;1;3,0;9,34;-8,56;
60000632,0;1;1,0;-19,69;-15,17;BK DBH=cca 120mm
60000632,0;1;2,0;1,7;-22,67;
60000633,0;1;1,0;-1,5;14,01;BK
60000633,0;1;2,0;-11,86;-5,63;BK
60000643,0;1;1,0;7,75;12,17;BK
60000643,0;1;2,0;-8,23;7,4;BK
60000662,0;1;1,0;-8,38;-15,9;
60000662,0;1;2,0;-10,39;12,27;BK DBH=230mm
60000668,0;1;1,0;11,74;13,27;BK
60000668,0;1;2,0;10,93;-13,17;BK DBH=257mm
60000674,0;1;1,0;15,68;20,55;BK
60000674,0;1;2,0;-5,61;13,61;
60000674,0;1;3,0;-2,49;-9,54;BK
60000677,0;1;1,0;-1,43;19,58;BK
60000677,0;1;2,0;12,63;5,55;BK
60000679,0;1;1,0;2,64;19,68;LP
60000679,0;1;2,0;-1,11;14,83;
60000679,0;1;3,0;8,0;-5,02;BK
60000688,0;1;1,0;15,89;0,58;BK
60000688,0;1;2,0;-7,88;12,53;BK DBH=200mm
60000693,0;1;1,0;-1,12;23,94;BK
60000693,0;1;2,0;5,89;-13,61;BK DBH=310mm
60000697,0;1;1,0;4,21;-11,36;BK
60000697,0;1;2,0;8,97;6,86;BK
60000699,0;1;1,0;15,38;-8,06;BK
60000699,0;1;2,0;-1,2;11,3;BK
60000704,0;1;1,0;-11,38;-10,53;BK
60000704,0;1;2,0;-2,36;12,89;BK dbh=240mm
60000704,0;1;3,0;-8,74;1,61;
60000725,0;1;1,0;-18,6;8,67;nenalezen
60000725,0;1;2,0;3,66;-16,93;JD
60000725,0;1;3,0;-12,49;2,43;BK
60000728,0;1;1,0;17,75;-19,57;
60000728,0;1;2,0;14,26;1,3;BK
60000728,0;1;3,0;-4,51;-11,02;BK
60000731,0;1;1,0;14,73;-16,42;BK
60000731,0;1;2,0;-11,24;-14,76;BK DBH=220mm
60000732,0;1;1,0;3,34;-18,76;BK
60000732,0;1;2,0;11,8;2,37;BK
60000734,0;1;1,0;-22,1;10,12;
60000734,0;1;2,0;1,08;1,03;
60000737,0;1;1,0;15,66;7,28;KL DBH=140mm
60000737,0;1;2,0;-1,32;0,56;BK DBH=67mm
60000747,0;1;1,0;0,98;14,76;BK
60000747,0;1;2,0;6,95;-7,4;BK 23 cm
60000748,0;1;1,0;4,84;-2,94;BK 9 cm
60000748,0;1;2,0;-1,81;2,96;Kl
60000750,0;1;1,0;25,01;2,4;BK
60000750,0;1;2,0;-1,95;-15,02;BK DBH=130mm
60000752,0;1;1,0;-19,08;-5,19;
60000752,0;1;2,0;3,26;-5,46;MD
60000752,0;1;3,0;-0,57;-1,04;KL
60000754,0;1;1,0;3,11;-17,29;DB
60000754,0;1;2,0;-13,25;2,0;HB DBH=130mm
60000755,0;1;1,0;10,42;13,82;BK
60000755,0;1;2,0;4,74;-5,83;JD
60000761,0;1;1,0;-23,55;1,4;BK
60000761,0;1;2,0;4,87;1,71;BK
60000763,0;1;1,0;15,44;-1,95;HB
60000763,0;1;2,0;-1,51;4,65;DB
60000765,0;1;1,0;6,19;14,69;BK
60000765,0;1;2,0;-4,5;-4,88;BK
60000767,0;1;1,0;0,97;13,94;HB
60000767,0;1;2,0;-0,44;-1,95;TR
60000773,0;1;1,0;8,6;0,53;DB
60000773,0;1;2,0;-2,0;-0,46;DG 3m
60000775,0;1;1,0;11,98;5,76;
60000775,0;1;2,0;-2,91;2,19;SM
60000778,0;1;1,0;6,64;1,99;BK
60000778,0;1;2,0;-1,56;-4,09;BK
60000781,0;1;1,0;16,51;-2,64;
60000781,0;1;2,0;3,37;14,06;BK
60000781,0;1;3,0;9,28;0,8;
60000782,0;1;1,0;-21,71;-2,74;
60000782,0;1;2,0;9,88;-12,32;BK DBH=90mm
60000782,0;1;3,0;1,59;1,01;BK
60000788,0;1;1,0;-3,35;4,61;BK
60000788,0;1;2,0;0,05;-4,8;BK
60000791,0;1;1,0;-4,01;-8,16;BK
60000791,0;1;2,0;-3,54;6,03;BK
60000793,0;1;1,0;-2,76;0,87;BK 8 cm
60000793,0;1;2,0;2,28;-0,29;BK 7 cm
60000794,0;1;1,0;3,36;2,98;BK
60000794,0;1;2,0;-0,81;-1,83;BK
60000797,0;1;1,0;-5,99;-9,22;BK
60000797,0;1;2,0;-1,86;3,55;BK
70175479,0;1;1,0;-1,69;-8,35;rohovy sloupek plotu
70175479,0;1;2,0;-0,00459;-2,63;rohovy sloupek plotu
70185497,0;1;1,0;19,04;17,45;dbz 290 u cesty
70185497,0;1;2,0;-13,06;12,57;dbz 260
70188573,0;1;1,0;13,53;-12,06;bk 345
70188573,0;1;2,0;-1,97;-13,89;bk 370
70194535,0;1;1,0;-9,91;11,16;dbz 210
70194535,0;1;2,0;1,93;13,08;dbz 220
70194591,0;1;1,0;-11,33;-16,87;bk 385
70194591,0;1;2,0;-17,76;-1,49;bk 420
70196513,0;1;1,0;13,19;-17,26;bk 250
70196513,0;1;2,0;6,61;19,32;hb 140
70196521,0;1;1,0;-13,73;11,68;MD 240
70196521,0;1;2,0;9,78;-9,34;LP 150
70196577,0;1;1,0;-14,31;10,79;bk 350
70196577,0;1;2,0;1,65;17,15;bk 240
70201514,0;1;1,0;0,31;-16,73;TR 220
70201514,0;1;2,0;12,86;-1,26;BK 180
70201562,0;1;1,0;-10,23;-8,08;bk 230
70201562,0;1;2,0;-0,85;-12,5;bk 195
70202547,0;1;1,0;12,09;14,82;sm 270
70202547,0;1;2,0;-14,77;-8,66;sm 260
70202603,0;1;1,0;7,35;-19,27;sm 235
70202603,0;1;2,0;12,0;3,21;md 482, v plose
70203571,0;1;1,0;-19,72;4,48;bk 325
70203571,0;1;2,0;2,94;19,71;bk 215
70205477,0;1;1,0;-3,1;8,9;DBZ pres cestu, 148
70205477,0;1;2,0;1,14;-5,41;Sloupek plotu
70209485,0;1;1,0;2,86;20,93;OL 305
70209485,0;1;2,0;10,04;8,6;DBZ 141
70210574,0;1;1,0;-9,57;5,68;tr 280 u cesty
70210574,0;1;2,0;-1,44;-4,71;md 227
70210598,0;1;1,0;-12,25;1,39;bk 245, pres cestu
70210598,0;1;2,0;1,02;1,39;bk 89, u stredu
70210606,0;1;1,0;0,65;-8,5;dbz 361, v plose
70210606,0;1;2,0;5,32;-0,25;md 95 pres cestu
70215476,0;1;1,0;0,98;-11,78;bk 104
70215476,0;1;2,0;5,81;8,78;bk 150
70219466,0;1;1,0;0,27;-17,32;bk 338
70219466,0;1;2,0;11,48;11,6;bk 172
70221494,0;1;1,0;17,3;-0,93;bk 330
70221494,0;1;2,0;-13,38;5,9;lp 270
70223488,0;1;1,0;-12,65;-6,5;bk 160
70223488,0;1;2,0;8,71;-9,95;bk 165
70227547,0;1;1,0;-12,6;-4,63;bo 180
70227547,0;1;2,0;-5,17;-11,62;dbz 210
70230500,0;1;1,0;12,6;2,86;
70230500,0;1;2,0;6,74;-9,59;
70233478,0;1;1,0;13,77;-10,0;sm 190
70233478,0;1;2,0;-2,79;-2,75;bk u stredu 130
70236544,0;1;1,0;11,65;-17,02;dbz 280
70236544,0;1;2,0;15,12;4,33;lp 130
70237489,0;1;1,0;16,4;-25,74;lp u linky 220
70237489,0;1;2,0;-2,22;13,14;bk u linky 330
70240477,0;1;1,0;-16,05;11,97;hb 120
70240477,0;1;2,0;6,51;6,81;hb 80 v plose
70240509,0;1;1,0;14,06;-2,73;dbz 120
70240509,0;1;2,0;-1,86;-12,49;hb 115
70240589,0;1;1,0;-26,98;-1,55;MD 235
70240589,0;1;2,0;-0,81;-0,16;AK 77 u stredu
70241627,0;1;1,0;6,68;14,46;tr 300
70241627,0;1;2,0;-13,97;2,69;tr 170 za cestou
70244558,0;1;1,0;-39,01;-6,38;dbz 500 vystavek
70244558,0;1;2,0;29,76;8,42;dbz 540
70245529,0;1;1,0;-20,61;-11,33;bk 450, hranice rezervace
70245529,0;1;2,0;22,15;1,86;dbz 180
70245545,0;1;1,0;19,46;-22,47;bo 180 pres cestu
70245545,0;1;2,0;-3,36;2,39;bk 85 
70247507,0;1;1,0;11,98;21,17;lp 185
70247507,0;1;2,0;7,8;9,67;lp 99
70248484,0;1;1,0;-11,41;-9,3;Bo u linky 175
70248484,0;1;2,0;-14,0;-0,88;hb 95
70248596,0;1;1,0;-10,62;2,55;bk 359 v plose
70248596,0;1;2,0;-3,93;2,79;tr 85
70249529,0;1;1,0;8,55;12,49;dbz 190
70249529,0;1;2,0;-4,11;-3,54;db 196, hranice rezervace
70249577,0;1;1,0;-15,68;15,04;bk 320
70249577,0;1;2,0;2,98;14,93;lp 305
70250594,0;1;1,0;16,08;-10,72;tr 180
70250594,0;1;2,0;-0,57;-13,11;jd 290
70251572,0;1;1,0;21,01;-5,12;bk 260 za cestou
70251572,0;1;2,0;6,23;-13,56;hb 220 za cestou
70251620,0;1;1,0;16,73;11,82;TR 450
70251620,0;1;2,0;-17,13;-9,57;HB 200
70251644,0;1;1,0;-5,12;20,39;hb 220
70251644,0;1;2,0;13,23;-11,18;bk 205
70254508,0;1;1,0;9,7;12,37;bk trojak 190
70254508,0;1;2,0;-7,79;10,93;bk 520
70255557,0;1;1,0;-5,48;-14,2;bk 405
70255557,0;1;2,0;12,71;-5,44;jvm 290 u cesty
70256542,0;1;1,0;-8,89;13,87;md 330 u cesty
70256542,0;1;2,0;-11,95;-5,67;bk 200
70258500,0;1;1,0;-19,23;9,67;dbz 110
70258500,0;1;2,0;4,71;-14,69;dbz 145 u linky
70258596,0;1;1,0;12,51;5,39;bk 185
70258596,0;1;2,0;1,64;-13,42;bk 325
70258612,0;1;1,0;-3,23;-14,36;bk 450
70258612,0;1;2,0;5,75;-11,24;dbz 300
70258620,0;1;1,0;-14,72;-2,46;bk 150
70258620,0;1;2,0;5,28;-12,56;bk 320
70258660,0;1;1,0;15,26;1,44;bk 290
70258660,0;1;2,0;-9,25;9,58;bk 260
70260574,0;1;1,0;11,15;-11,38;bo 175
70260574,0;1;2,0;-4,79;-12,54;dbz 173
70260582,0;1;1,0;7,52;-14,26;hb 160, dvojak
70260582,0;1;2,0;12,25;8,35;hb 145
70263523,0;1;1,0;-10,91;18,9;hb 125
70263523,0;1;2,0;13,52;16,11;hb u cesty 190
70264612,0;1;1,0;18,23;1,82;dbz 190
70264612,0;1;2,0;-9,14;13,76;md 205
70265575,0;1;1,0;5,67;-12,17;md 185
70265575,0;1;2,0;-7,7;-10,25;sm 300
70266664,0;1;1,0;3,62;15,82;jlh 145 u cesty
70266664,0;1;2,0;-1,07;0,35;kl 90 u stredu
70267514,0;1;1,0;-15,08;7,22;bk 175
70267514,0;1;2,0;0,44;-14,03;bk 140
70267562,0;1;1,0;12,97;-3,45;bk 330
70267562,0;1;2,0;0,26;12,62;lp 150
70267650,0;1;1,0;-8,55;-18,77;lp 200
70267650,0;1;2,0;-1,48;-16,96;lp 205
70268635,0;1;1,0;-21,02;3,59;bk 320
70268635,0;1;2,0;16,76;-3,01;bk 270
70272496,0;1;1,0;0,85;-20,31;315 bk
70272496,0;1;2,0;-13,09;-10,41;210 bk
70272512,0;1;1,0;-4,18;19,17;hb 140 pres cestu
70272512,0;1;2,0;-11,7;6,17;hb 110 u cesty
70274500,0;1;1,0;-10,52;-15,37;bk 220
70274500,0;1;2,0;4,4;-13,0;md 130
70274612,0;1;1,0;-12,12;-9,54;md 250, nad cestou
70274612,0;1;2,0;0,92;-2,88;hb 133, v plose
70274636,0;1;1,0;-13,58;8,88;hb 240
70274636,0;1;2,0;-8,48;-13,36;hb 230 u cesty
70276583,0;1;1,0;-16,93;-1,8;md 280 u cesty
70276583,0;1;2,0;15,1;4,32;bk 160 u cesty
70276599,0;1;1,0;20,91;-7,82;bk 270
70276599,0;1;2,0;-16,84;3,09;lp 270
70276655,0;1;1,0;15,7;-4,47;HB 160
70276655,0;1;2,0;-13,22;4,97;BK 330
70278529,0;1;1,0;16,01;-2,65;hb 330
70278529,0;1;2,0;9,98;-12,15;hb 260
70279625,0;1;1,0;-24,51;7,6;jlh 230
70279625,0;1;2,0;12,82;-0,24;jiva 300
70280498,0;1;1,0;-7,1;-17,76;bk 265 pres cestu
70280498,0;1;2,0;-7,85;10,27;lp 105
70281592,0;1;1,0;-2,57;-14,9;hb 220
70281592,0;1;2,0;-11,26;6,93;bk 280
70282609,0;1;1,0;14,93;-5,25;lp 240 u cesty
70282609,0;1;2,0;-14,28;0,00548;bo 280
70284650,0;1;1,0;-10,88;-12,96;bk 230
70284650,0;1;2,0;15,16;1,38;hb 230
70286662,0;1;1,0;-13,05;-5,91;dg 230
70286662,0;1;2,0;-7,03;11,08;hb 125
70288641,0;1;1,0;3,02;16,14;hb 210
70288641,0;1;2,0;-12,48;6,83;hb 210
70289631,0;1;1,0;11,75;-10,0;hb 200
70289631,0;1;2,0;-11,31;-7,6;hb 220
70291522,0;1;1,0;15,81;-19,39;bk 145
70291522,0;1;2,0;12,7;-2,88;bk 270
70291538,0;1;1,0;15,71;-3,16;kastanovnik 300 pod cestou
70291538,0;1;2,0;-10,81;8,0;ol 380 pod cestou
70291610,0;1;1,0;-14,82;12,7;bk 290 pod cestou
70291610,0;1;2,0;-13,58;-4,23;bk 310
70294550,0;1;1,0;-24,57;15,47;bk 320
70294550,0;1;2,0;3,77;3,9;skala 
70295503,0;1;1,0;-17,67;-10,45;md 250
70295503,0;1;2,0;-12,98;-1,22;dbz 130
70296648,0;1;1,0;17,46;1,49;bk 250
70296648,0;1;2,0;5,19;-15,16;hb 130
70297526,0;1;1,0;17,67;3,59;bk za potokem 630
70297526,0;1;2,0;5,24;16,85;bk u cesty 585
70297542,0;1;1,0;-1,53;-1,32;bk 54
70297542,0;1;2,0;0,54;0,32;bk 53 
70298663,0;1;1,0;8,22;4,4;bk 538, tur. znaceni
70298663,0;1;2,0;-1,59;-8,78;bo 568, tur. znaceni
70300616,0;1;1,0;-8,96;13,04;bk 240
70300616,0;1;2,0;13,04;-2,74;bk 250
70301631,0;1;1,0;-13,35;5,54;hb 170 u cesty
70301631,0;1;2,0;2,67;10,94;hb 290 nad cestou
70303514,0;1;1,0;-2,34;22,3;jiz oznacena jablon v loucce
70303514,0;1;2,0;-9,78;10,06;hb 120 pres cestu`
70303650,0;1;1,0;2,24;2,59;md 345 u stredu
70303650,0;1;2,0;-0,18;-1,71;bk 62 u stredu
70304563,0;1;1,0;8,45;22,5;hb 260
70304563,0;1;2,0;-7,52;-13,69;lp 230
70307507,0;1;1,0;2,88;13,11;dbz 145
70307507,0;1;2,0;2,6;-11,64;dbz 150
70307627,0;1;1,0;-4,61;-17,11;hb 260 u cesty
70307627,0;1;2,0;-7,93;-5,63;bk 150 pres cestu
70307675,0;1;1,0;6,66;22,7;blizsi roh el. kaplicky
70307675,0;1;2,0;-0,41;-3,0;balvan u stredu plochy
70308556,0;1;1,0;23,21;-2,35;bk 420
70308556,0;1;2,0;-4,07;-21,75;hb na krizovatce280
70311519,0;1;1,0;-4,61;15,97;kl 435 pres cestu
70311519,0;1;2,0;-11,97;-1,93;bk 220
70312536,0;1;1,0;-12,86;16,63;bk 330
70312536,0;1;2,0;12,74;6,97;bk 290
70313655,0;1;1,0;9,92;18,42;hb 330
70313655,0;1;2,0;-9,24;8,89;bk 270
70315561,0;1;1,0;-3,02;17,08;lp 270
70315561,0;1;2,0;10,85;-11,24;dbz 430 pres cestu
70318533,0;1;1,0;12,84;16,14;bk 400 u cesty
70318533,0;1;2,0;-1,28;-1,57;balvan u stredu
70318573,0;1;1,0;-18,32;-15,7;bk 360 pod cestou
70318573,0;1;2,0;-13,56;13,05;bk 230
70319557,0;1;1,0;-12,86;-6,08;hb 120
70319557,0;1;2,0;12,58;1,05;jv 270
70323643,0;1;1,0;17,53;4,6;hb 210
70323643,0;1;2,0;17,06;-5,51;hb 220
70326540,0;1;1,0;13,7;7,5;bk 175
70326540,0;1;2,0;-0,2;-13,32;bk 240
70326580,0;1;1,0;-9,53;-21,72;bk 380
70326580,0;1;2,0;10,76;-11,87;lp 395
70326596,0;1;1,0;-15,8;12,3;bk 250
70326596,0;1;2,0;-17,5;4,3;bk 368
70327534,0;1;1,0;-18,47;1,45;bk 230
70327534,0;1;2,0;-11,2;-9,56;bk 310
70327550,0;1;1,0;10,19;15,35;bk u cesty 140
70327550,0;1;2,0;-13,14;7,49;bk 150
70327566,0;1;1,0;18,6;13,91;bk 250
70327566,0;1;2,0;16,38;-5,0;bk360 pres cestu
70328519,0;1;1,0;-0,43;-15,72;bk 255
70328519,0;1;2,0;-14,8;-2,58;bk 335
70328591,0;1;1,0;15,37;9,02;bk 290
70328591,0;1;2,0;-15,82;-0,08;bk 160
70332581,0;1;1,0;19,12;-0,13;bk 280
70332581,0;1;2,0;-13,47;6,19;bk 330
70334548,0;1;1,0;-14,63;-1,66;bk 270 u cesty
70334548,0;1;2,0;-6,32;9,52;dg 143 v plose
70334588,0;1;1,0;-13,11;9,38;bk 290
70334588,0;1;2,0;-10,4;-9,56;bk 220
70334876,0;1;1,0;17,19;2,17;KL 19 cm
70334876,0;1;2,0;3,0;-6,02;BK 11 cm
70336527,0;1;1,0;5,08;-15,2;bk 295 pres cestu
70336527,0;1;2,0;13,63;2,3;bk 194
70336599,0;1;1,0;-3,06;-9,54;bk 190 v plose
70336599,0;1;2,0;0,72;-3,14;bk 183 u stredu
70338899,0;1;1,0;20,01;4,1;BK 39 cm
70338899,0;1;2,0;-7,97;16,28;DB 33 cm
70339539,0;1;1,0;14,88;9,81;bk 170
70339539,0;1;2,0;16,97;-1,42;bk 380
70340572,0;1;1,0;-7,26;-11,53;hb 175
70340572,0;1;2,0;9,03;-2,32;bk 340
70342911,0;1;1,0;10,01;-6,11;OL 26 cm
70342911,0;1;2,0;-7,02;6,14;DB 30 cm
70345574,0;1;1,0;-10,3;17,63;bk 440
70345574,0;1;2,0;13,35;9,56;bk 250
70349913,0;1;1,0;-11,59;-13,67;DB 30 cm
70349913,0;1;2,0;-9,7;5,44;HB 28 cm
70350554,0;1;1,0;8,08;-12,78;dg 295
70350554,0;1;2,0;2,11;3,42;os 105 v plose
70351572,0;1;1,0;-4,06;-19,1;bk 230
70351572,0;1;2,0;-17,71;-3,37;bk 380
70351884,0;1;1,0;-10,08;-11,15;HB 43 cm
70351884,0;1;2,0;-11,02;8,83;JD 28 cm
70353582,0;1;1,0;-10,21;-19,29;md 360
70353582,0;1;2,0;-0,5;-9,61;lp 190 v plose
70353598,0;1;1,0;-14,06;9,06;lp 240
70353598,0;1;2,0;0,05;-16,72;bk 250
70354455,0;1;1,0;4,62;13,35;BO DBH=245mm
70354455,0;1;2,0;9,82;6,4;DB DBH=160mm
70355856,0;1;1,0;-7,99;12,74;BK 28 cm
70355856,0;1;2,0;-6,74;-6,58;BK 26 cm
70356913,0;1;1,0;10,2;16,07;BK 39 cm
70356913,0;1;2,0;-1,74;12,6;DG 70 cm bez pruhu
70359572,0;1;1,0;-20,65;1,77;bk 230
70359572,0;1;2,0;6,46;12,67;bk pres pesinu290  
70359884,0;1;1,0;-4,8;22,21;DB 48
70359884,0;1;2,0;10,73;-9,04;DB 19 cm
70360477,0;1;1,0;-3,91;14,51;DB DBH=279mm
70360477,0;1;2,0;-14,01;2,97;DB DBH=167mm
70360597,0;1;1,0;11,99;10,02;bk 260
70360597,0;1;2,0;-11,19;-8,78;lp 310 u tur. pesiny
70360709,0;1;1,0;-3,7;-15,08;BK DBH=142mm
70360709,0;1;2,0;13,47;4,24;BK DBH=290mm
70360901,0;1;1,0;-0,29;14,02;DB  21 cm
70360901,0;1;2,0;-2,55;1,62;HB z jine inventarizace
70360909,0;1;1,0;-9,5;-5,98;DB 26 cm
70360909,0;1;2,0;-1,12;10,67;DB 24 cm
70361470,0;1;1,0;14,31;8,06;LP DBH 214 za cestou
70361470,0;1;2,0;10,32;-7,78;HB DBH 148 za cestou
70362703,0;1;1,0;2,71;11,48;BO DBH=180mm
70362703,0;1;2,0;4,52;-10,84;BK DBH=133mm
70362759,0;1;1,0;11,26;-10,54;DG DBH=242mm
70362759,0;1;2,0;-11,96;-7,7;DG DBH=222mm
70364872,0;1;1,0;15,45;3,85;BK 20 cm
70364872,0;1;2,0;12,59;8,21;BK 20 cm
70366699,0;1;1,0;1,5;13,24;HB DBH 170
70366699,0;1;2,0;-12,09;-2,85;BK DBH 206
70366859,0;1;1,0;-12,13;4,46;DB 17 cm
70366859,0;1;2,0;7,13;5,85;JD 23 cm
70368484,0;1;1,0;0,43;-15,42;BK DBH=130mm v okraji
70368484,0;1;2,0;-12,92;0,04;JD 308
70368916,0;1;1,0;9,93;-9,33;HN 30 cm á ccesty
70368916,0;1;2,0;-0,1;2,22;BK
70369729,0;1;1,0;18,01;-6,16;BK DBH=335mm
70369729,0;1;2,0;3,44;-11,63;BK c.2 DBH 419mm
70370930,0;1;1,0;12,82;15,3;DG 16 cm
70370930,0;1;2,0;-1,88;-12,28;BK 36 cm na dne
70371539,0;1;1,0;6,91;19,0;DB DBH=318mm
70371539,0;1;2,0;-14,35;9,53;BK DBH=253mm
70371763,0;1;1,0;12,33;5,05;BK DBH 299mm
70371763,0;1;2,0;4,27;-11,02;BK DBH 172mm
70372476,0;1;1,0;-3,08;16,64;HB DBH 125
70372476,0;1;2,0;-6,58;-10,78;DB DBH 120 u cesty
70372756,0;1;1,0;6,48;9,75;KL 160mm
70372756,0;1;2,0;-5,99;5,34;DB 442mm
70373036,0;1;1,0;-11,41;1,6;BK 10 cm
70373036,0;1;2,0;6,41;-7,17;DB 20  cm
70373052,0;1;1,0;-1,82;-17,93;BK 22 cm
70373052,0;1;2,0;-3,88;-6,21;BK 72 cm u cesty
70374590,0;1;1,0;-11,65;-4,59;oznaceny HB 135 vedle neozn DG 600mm
70374590,0;1;2,0;-0,82;-10,99;HB DBH=235mm
70374710,0;1;1,0;6,26;12,66;BK DBH 269 u pesiny
70374710,0;1;2,0;7,69;-10,63;BK DBH=264mm
70374926,0;1;1,0;-13,69;7,93;JD 33 cm
70374926,0;1;2,0;5,79;12,66;HB 27 cm
70375511,0;1;1,0;-0,65;17,11;levy sloupek brany pri vjezdu do objektu, neoznaceny
70375511,0;1;2,0;5,08;-12,1;DB DBH=221mm
70375511,0;1;3,0;7,28;10,06;BK DBH=140mm u cesty
70376536,0;1;1,0;13,8;-9,62;DB DBH 217mm
70376536,0;1;2,0;8,4;12,94;BK DBH=194mm
70377048,0;1;1,0;-2,85;-4,15;BK 9 cm
70377048,0;1;2,0;-2,5;4,13;DB
70377738,0;1;1,0;11,64;18,7;BK DBH 221
70377738,0;1;2,0;-13,16;-1,33;BK DBH 314
70380524,0;1;1,0;6,01;16,89;DB DBH=130mm
70380524,0;1;2,0;-11,91;6,2;DB DBH=195mm
70382021,0;1;1,0;2,45;15,85;BK 35 cm
70382021,0;1;2,0;11,44;-1,42;BK 17 cm
70382598,0;1;1,0;2,12;-11,23;BK DBH=253mm
70382598,0;1;2,0;-10,95;-3,24;BK 173
70382758,0;1;1,0;-10,37;-3,09;TR DBH 336 u cesty
70382758,0;1;2,0;0,78;-1,65;MD DBH 157 strom c.1
70383038,0;1;1,0;-17,83;-8,89;BK 27 cm
70383038,0;1;2,0;13,27;-2,03;DB 34 cm
70383519,0;1;1,0;5,73;-9,18;JB DBH=180mm
70383519,0;1;2,0;0,62;2,75;BK DBH=96mm oznaceny
70384544,0;1;1,0;-14,22;8,67;TR DBH=187mm
70384544,0;1;2,0;-0,23;-0,58;BK DBH=60mm
70386487,0;1;1,0;11,76;10,89;HB DBH=237mm
70386487,0;1;2,0;-5,71;11,24;sloup  el. vedeni
70386751,0;1;1,0;-15,36;5,53;BO DBH=276mm v kraji za cestou
70386751,0;1;2,0;2,08;9,09;sloup vedeni VN
70387560,0;1;1,0;-11,7;12,64;DB DBH=263mm
70387560,0;1;2,0;3,81;-10,66;BK DBH=135mm
70388945,0;1;1,0;-19,53;7,77;BK 35 cm
70388945,0;1;2,0;6,43;6,61;BK 23 cm
70389512,0;1;1,0;15,45;7,84;TR DBH=242mm
70389512,0;1;2,0;-3,5;11,92;HB DBH=158mm
70390521,0;1;1,0;-10,27;6,05;MD DBH 238
70390521,0;1;2,0;5,03;-5,86;BK  DBH=87mm
70390953,0;1;1,0;2,52;11,76;BK 28 cm
70390953,0;1;2,0;2,63;-11,22;DB u cesty
70391506,0;1;1,0;-13,19;-0,99;BK DBH=132mm
70391506,0;1;2,0;8,47;-7,96;BK DBH=200mm
70391602,0;1;1,0;10,24;-15,07;BK DBH=328mm
70391602,0;1;2,0;-14,85;-7,24;BK DBH=242mm
70391922,0;1;1,0;11,18;9,58;DB 23 cm
70391922,0;1;2,0;-9,74;-4,73;BK
70392034,0;1;1,0;-4,01;15,62;BK 31 cm
70392034,0;1;2,0;-13,15;-8,06;BK 25 cm
70392763,0;1;1,0;-13,22;0,43;BK DBH=137mm
70392763,0;1;2,0;-1,51;2,02;BK DBH=116mm
70393043,0;1;1,0;16,54;12,65;BK 23 cm na hrane
70393043,0;1;2,0;8,86;-14,07;MD  48 cm
70393753,0;1;1,0;8,01;11,52;BK DBH=100mm u cesty
70393753,0;1;2,0;-0,62;0,37;BK DBH=60mm
70394017,0;1;1,0;9,39;11,6;BK 29 cm
70394017,0;1;2,0;-4,61;-8,56;BK 21 cm
70394570,0;1;1,0;11,7;7,36;DB DBH=140mm
70394570,0;1;2,0;7,85;-6,07;BK DBH=110mm
70394738,0;1;1,0;-7,1;-18,61;BK DBH=358mm
70394738,0;1;2,0;-13,85;-3,22;LP 185 za cestou 3m
70394954,0;1;1,0;7,22;10,84;BK 9 cm za cestou
70394954,0;1;2,0;3,24;2,55;DG bez prruhu u ccesty
70395564,0;1;1,0;-14,31;-7,64;BK DBH 140
70395564,0;1;2,0;-4,59;11,54;BK DBH 172
70396028,0;1;1,0;-0,55;15,92;BK  23 cm
70396028,0;1;2,0;7,5;4,05;BK 24 cm
70397548,0;1;1,0;-15,87;2,85;DB DBH 170mm
70397548,0;1;2,0;-3,47;11,3;DB DBH = 272mm
70398517,0;1;1,0;0,59;14,71;DB DBH 233
70398517,0;1;2,0;13,69;1,02;HB DBH 162
70398925,0;1;1,0;-8,33;12,5;BK 23 cm
70398925,0;1;2,0;4,72;-5,98;BK 21 cm
70398941,0;1;1,0;-9,76;20,19;BK 23 cm
70398941,0;1;2,0;-6,96;-7,62;BK 8 cm
70400070,0;1;1,0;4,33;-15,12;BK 42 cm
70400070,0;1;2,0;15,19;-0,98;MD 33 cm
70400535,0;1;1,0;-1,15;17,79;HB DBH=277mm
70400535,0;1;2,0;-6,38;3,18;BK DBH=108mm
70400559,0;1;1,0;-10,92;9,73;DB DBH  184
70400559,0;1;2,0;10,62;5,64;DB DBH 211
70401509,0;1;1,0;15,06;4,52;DB DBH 127 u stare cesty
70401509,0;1;2,0;-10,74;6,45;MD DBH 226
70401541,0;1;1,0;-6,51;-18,09;BH DBH 338
70401541,0;1;2,0;1,85;13,9;BK DBH 372
70402061,0;1;1,0;-14,13;-2,92;DB 34 cm
70402061,0;1;2,0;5,43;11,29;BK silny u cesry
70402502,0;1;1,0;6,77;24,61;Sloup VVN blizsi k lesu neoznaceny
70402502,0;1;2,0;-2,9;16,98;DB DBH=211mm v okraji
70402598,0;1;1,0;3,51;-13,58;BK DBH=493mm
70402598,0;1;2,0;-13,34;2,78;BK DBH=142mm
70402742,0;1;1,0;-10,08;-8,86;DB DBH 215,4m od zpevnene cesty
70402742,0;1;2,0;-10,97;5,39;LP DBH=206mm
70403086,0;1;1,0;-9,82;-2,48;BK 13 cm
70403086,0;1;2,0;-3,11;9,0;MD 15 cm
70403567,0;1;1,0;6,41;14,68;HB DBH=207mm
70403567,0;1;2,0;5,63;-10,28;HB 256
70404728,0;1;1,0;1,03;17,49;JS DBH 201 strom se zelenou turistickou znackou u cesty neoznaceny
70404728,0;1;2,0;-9,89;2,59;JIVA DBH 204 u cesty
70404960,0;1;1,0;3,36;10,92;TR 16 cm
70404960,0;1;2,0;8,07;2,73;BK 7 cm uu cesty
70405032,0;1;1,0;11,66;7,81;BK 27 cm
70405032,0;1;2,0;1,53;-5,93;BK 23 cm
70405584,0;1;1,0;-4,97;-17,22;TR DBH=140mm za cestou
70405584,0;1;2,0;-12,8;0,73;BK DBH=371mm
70405736,0;1;1,0;3,47;12,97;BK DBH 371mm
70405736,0;1;2,0;-8,98;-5,68;JS 175mm 
70407041,0;1;1,0;-15,45;8,88;BK 35 cm
70407041,0;1;2,0;5,13;10,43;HB 21 cm
70407753,0;1;1,0;-6,35;-11,94;KL DBH=105mm
70407753,0;1;2,0;11,56;-5,31;KL DBH=95 u cesty
70407937,0;1;1,0;-3,22;-11,79;HB 18 cm
70407937,0;1;2,0;-8,74;5,68;DB 16 cm
70407953,0;1;1,0;-8,66;5,62;BK 29 cm
70407953,0;1;2,0;4,38;-9,02;BK 26 cm
70408562,0;1;1,0;-12,89;-2,95;BK DBH=418mm
70408562,0;1;2,0;0,17;11,02;DB DBH=202mm
70409058,0;1;1,0;11,98;-9,39;BK  28 cm 10 m od cesty
70409058,0;1;2,0;-14,2;1,87;BK 35 cm
70409767,0;1;1,0;0,79;16,21;KL DBH 177 u cesty
70409767,0;1;2,0;-9,74;-1,28;TR DBH 188
70409983,0;1;1,0;-11,48;1,0;KL  13 cm
70409983,0;1;2,0;1,18;1,52;KL 6 cm
70411514,0;1;1,0;-16,07;14,32;JS DBH=190mm
70411514,0;1;2,0;7,29;13,48;BK DBH 150
70411554,0;1;1,0;-2,38;14,73;DB DBH 265
70411554,0;1;2,0;-12,22;-4,49;DB DBH 285
70411610,0;1;1,0;4,32;13,24;BK DBH=166mm
70411610,0;1;2,0;13,05;-3,15;BK  DBH=253mm
70412074,0;1;1,0;-12,6;-9,57;BK 45 cm
70412074,0;1;2,0;12,66;2,02;BK 25 cm
70413099,0;1;1,0;-7,52;-9,39;MD 3m
70413099,0;1;2,0;-1,21;-2,77;BK 4m
70413596,0;1;1,0;-11,12;-12,14;DG DBHcca660mm oznacena  za cestou
70413596,0;1;2,0;4,46;6,06;BK DBH=70mm 
70414533,0;1;1,0;7,64;12,47;HB DBH=114mm
70414533,0;1;2,0;12,15;-6,38;HB DBH=144mm
70414749,0;1;1,0;14,44;-11,23;BK
70414749,0;1;2,0;8,94;13,31;BK
70414981,0;1;1,0;9,48;16,84;BK 28 cm
70414981,0;1;2,0;-7,95;-10,32;BK 25 cm
70415013,0;1;1,0;-5,0;-16,9;BK obr bez pruhhu
70415013,0;1;2,0;8,4;-2,36;DB   32 cm
70415053,0;1;1,0;8,55;-8,46;BK 25 cm
70415053,0;1;2,0;2,92;-0,03;DB
70415542,0;1;1,0;4,0;13,96;DB DBH=122mm
70415542,0;1;2,0;11,7;-2,78;DB 150mm
70415622,0;1;1,0;-9,33;9,37;BK 197mm
70415622,0;1;2,0;-0,33;-9,72;Jerab DBH=307mm
70415950,0;1;1,0;19,25;6,21;BK 50 cm u cesty
70415950,0;1;2,0;3,61;-6,71;BK 8 cm
70416086,0;1;1,0;9,6;9,94;BK 25 cm
70416086,0;1;2,0;-12,54;1,47;BK 23 cm
70417063,0;1;1,0;12,34;-9,74;BK 29 cm
70417063,0;1;2,0;13,17;7,24;BK 27 cm
70417111,0;1;1,0;-3,73;-13,21;KL 18 cm
70417111,0;1;2,0;5,35;-4,07;KL
70418041,0;1;1,0;12,45;19,19;Pomnjk celo mohyly
70418041,0;1;2,0;9,97;-7,85;DG 32 cm
70418041,0;1;3,0;6,41;0,43;Kolik
70418978,0;1;1,0;-21,36;-3,38;BK 38 cm
70418978,0;1;2,0;6,43;12,46;BK 26 cm
70419588,0;1;1,0;14,32;-3,43;HB DBH=171mm
70419588,0;1;2,0;-3,33;-14,34;BK DBH=232mm
70419788,0;1;1,0;-11,22;7,01;HB DBH=108mm
70419788,0;1;2,0;-8,01;-2,45;BK DBH 131mm
70420052,0;1;1,0;-0,5;-19,22;HB 12 cm
70420052,0;1;2,0;-2,03;11,55;MD 14 cm
70421571,0;1;1,0;15,32;-0,24;DB DBH=215mm
70421571,0;1;2,0;-0,55;-13,71;BK DBH=189mm
70422075,0;1;1,0;-11,54;2,58;BK 23 cm
70422075,0;1;2,0;8,65;-6,66;BK 18 cm
70422636,0;1;1,0;-9,75;-11,95;BK DBH=130mm
70422636,0;1;2,0;7,14;-10,05;Bk 160 u cesty
70422972,0;1;1,0;-7,0;10,98;KL 13 cm
70422972,0;1;2,0;-2,72;2,08;KL
70423549,0;1;1,0;-1,53;-12,13;MD DBH=252mm oznacen
70423549,0;1;2,0;-8,32;6,27;MD DBH 285mm oznacen
70423629,0;1;1,0;-10,49;8,37;BK DBH 243
70423629,0;1;2,0;-10,67;-6,36;BK DBH 163
70423645,0;1;1,0;11,8;-10,08;LP DBH 217
70423645,0;1;2,0;1,65;-12,92;LP DBH 235
70423957,0;1;1,0;5,38;9,39;BK 26 cm
70423957,0;1;2,0;0,46;-10,21;DB 15 cm
70424093,0;1;1,0;-6,1;15,03;BK 16 cm u cesty
70424093,0;1;2,0;9,02;3,62;BK 13 cm
70424558,0;1;1,0;-1,27;20,89;BK DBH=153 u cesty
70424558,0;1;2,0;15,44;8,28;BK DBH=375 mm za cestou
70424582,0;1;1,0;-14,64;9,26;DB DBH=227mm
70424582,0;1;2,0;-11,39;-10,69;DB DBH=302mm
70425118,0;1;1,0;12,48;1,04;DB 20 cm
70425118,0;1;2,0;2,11;-2,02;BK
70425524,0;1;1,0;3,39;13,81;HB DBH=165mm
70425524,0;1;2,0;-13,31;0,53;DB DBH=213mm u cesty
70425620,0;1;1,0;-15,43;-8,52;BK DBH 251
70425620,0;1;2,0;4,56;5,86;BK DBH 121 nad cestou
70426044,0;1;1,0;-1,75;6,96;MD 13 cm
70426044,0;1;2,0;-4,81;-3,46;DG 21 cm
70426044,0;1;3,0;-4,27;-2,64;Kolik
70426533,0;1;1,0;-15,61;-4,41;DB DBH 176
70426533,0;1;2,0;1,28;-14,37;DB DBH 158
70426789,0;1;1,0;12,64;2,18;BK DBH=75mm na vyvozni lince
70426789,0;1;2,0;-5,58;-6,04;BK DBH=105mm na lince
70428999,0;1;1,0;-3,43;15,35;BK 33 cm
70428999,0;1;2,0;12,03;-2,66;BK 29 cm u cessty
70429103,0;1;1,0;16,15;-18,19;BK  26 cm
70429103,0;1;2,0;9,63;2,81;BK 15 cm
70429609,0;1;1,0;11,08;8,75;BK DBH=300mm
70429609,0;1;2,0;-1,57;11,21;BK dbh=179mm
70430562,0;1;1,0;-17,74;-37,87;DB DBH 215 dub za cestou
70430562,0;1;2,0;14,09;8,43;SM DBH 255 smrk na kraji lesa
70430634,0;1;1,0;-1,17;-14,28;oznaceny MD DBH=147mm
70430634,0;1;2,0;3,56;-6,05;MD DBH=170 oznaceny
70431034,0;1;1,0;-6,72;6,6;DB 26 cm
70431034,0;1;2,0;-5,3;-3,63;LP
70431122,0;1;1,0;-0,32;-6,32;BK 6 cm
70431122,0;1;2,0;-2,44;3,2;BK 6 cm
70431619,0;1;1,0;-3,12;-13,98;BK DBH=252mm
70431619,0;1;2,0;-13,1;3,73;BK DBH=293mm
70432043,0;1;1,0;-5,35;-14,79;DG 16 cm u cesty
70432043,0;1;2,0;-8,82;10,12;BK 15 cmu cesty
70432075,0;1;1,0;-16,47;-8,9;BK u linkyy 28 cm
70432075,0;1;2,0;-1,0;13,09;BK 25 cm
70432980,0;1;1,0;-17,54;-17,42;BK 31 cm
70432980,0;1;2,0;15,44;3,45;BK 47 cm
70433100,0;1;1,0;0,35;11,32;BK 15 cm
70433100,0;1;2,0;3,39;-2,99;BK 13 cm
70438091,0;1;1,0;13,46;-2,1;BK 30 cm
70438091,0;1;2,0;3,28;-0,99;BK
70438556,0;1;1,0;-4,06;-18,79;BK DBH=245mm
70438556,0;1;2,0;9,0;-8,57;DB DBH=184mm
70439036,0;1;1,0;3,98;-7,99;BK 20cm
70439036,0;1;2,0;-8,13;3,15;BK 28 cm
70440535,0;1;1,0;-5,01;17,73;DB DBH=299 mm oznaceny
70440535,0;1;2,0;1,37;-14,26;DB DBH 287mm oznaceny
70440631,0;1;1,0;-9,61;-10,49;BK DBH=197mm
70440631,0;1;2,0;-10,41;6,01;BK DBH=260mm
70442618,0;1;1,0;17,75;-17,5;BK  DBH=138v okraji oznaceny
70442618,0;1;2,0;6,02;8,14;MD DBH=237mm oznaceny
70444549,0;1;1,0;-15,21;0,58;BK DBH=180mm
70444549,0;1;2,0;-3,39;-14,02;BK DBH=157mm
70445125,0;1;1,0;14,26;-13,63;BO u cesty
70445125,0;1;2,0;-0,84;-11,19;BK 22 cm
70445133,0;1;1,0;5,15;-6,67;BK 3m
70445133,0;1;2,0;0,03;6,02;DB 2m
70446099,0;1;1,0;8,85;13,84;BK 20 cm
70446099,0;1;2,0;1,92;-11,87;BK
70446564,0;1;1,0;-4,92;-13,45;BK 120mm
70446564,0;1;2,0;9,25;6,36;BK DBH=143mm
70447012,0;1;1,0;-4,16;-26,3;Uran, NS
70447012,0;1;2,0;-3,31;-10,2;BK
70447028,0;1;1,0;-10,19;11,04;BK 32 cm
70447028,0;1;2,0;-3,72;-1,24;BK
70447044,0;1;1,0;-15,27;-6,04;BK 42 cm
70447044,0;1;2,0;2,57;8,02;BK 28 cm
70447653,0;1;1,0;-16,54;3,35;BK DBH 217
70447653,0;1;2,0;6,23;12,46;BK DBH 211
70448149,0;1;1,0;-1,29;2,62;Kul roh opl9cenky
70448149,0;1;2,0;2,82;0,77;Kul roh oplocenky
70448542,0;1;1,0;-2,12;-15,28;BK DBH=280mm
70448542,0;1;2,0;-12,47;3,01;BK DBH=183mm
70448638,0;1;1,0;-2,87;-14,14;BK DBH 273
70448638,0;1;2,0;-12,23;6,86;BK DBH 270 za cestou
70450109,0;1;1,0;10,3;10,52;BK 20 cm
70450109,0;1;2,0;2,07;8,27;BK 24 cm
70451624,0;1;1,0;11,54;2,07;DB DBH= 376mm za cestou
70451624,0;1;2,0;-0,02;-0,42;BK DBH=66mm
70452961,0;1;1,0;5,81;0,4;BK 10 cm
70452961,0;1;2,0;-0,89;4,84;BK 7 cm u linky
70453025,0;1;1,0;-9,69;-15,21;BK 47 cm
70453025,0;1;2,0;-12,38;-7,59;BK 48 cm
70453634,0;1;1,0;10,3;-24,08;STUDANKA
70453634,0;1;2,0;-12,96;-0,82;BK DBH 321
70453634,0;1;3,0;0,45;-10,35;BK DBH 478
70454018,0;1;1,0;-6,4;11,8;BK 15 cm
70454018,0;1;2,0;1,07;4,92;BK 13 cm
70454042,0;1;1,0;14,5;-2,58;LP 28 cm u cesty
70454042,0;1;2,0;5,44;-11,83;BK 35 cm
70454539,0;1;1,0;-11,65;-13,36;DB DBH=242mm
70454539,0;1;2,0;-4,69;13,85;DB DBH=137mm
70455972,0;1;1,0;0,44;-12,12;BK 24 cm
70455972,0;1;2,0;8,09;7,78;BK 24 cm
70455980,0;1;1,0;16,74;3,16;BK 14 cm u cesty
70455980,0;1;2,0;-4,96;-3,06;BK 10 c,m
70456036,0;1;1,0;-16,54;11,97;HB 22 cm
70456036,0;1;2,0;-8,06;-9,71;BK 30 cm
70457157,0;1;1,0;3,27;-2,98;BK 5 cm
70457157,0;1;2,0;1,55;2,36;BK 7 cm jediny na IP
70457817,0;1;1,0;-6,28;-8,81;HB DBH=245mm
70457817,0;1;2,0;1,05;-0,96;HB DBH=78mm
70460572,0;1;1,0;-3,4;14,84;BK DBH=192mm
70460572,0;1;2,0;-12,92;0,47;BK DBH=184mm
70462580,0;1;1,0;17,36;-3,03;KL DBH=192mm
70462580,0;1;2,0;-0,96;4,01;HB DBH=323mm
70462980,0;1;1,0;13,52;-6,77;BK 19 cm
70462980,0;1;2,0;-4,18;10,85;KL 20 cm
70464959,0;1;1,0;16,62;-0,08;BK 30 cm
70464959,0;1;2,0;-15,58;2,13;BK 32 cm
70465055,0;1;1,0;13,12;12,94;BK 43 cm
70465055,0;1;2,0;9,04;4,99;DG 75 cm
70466810,0;1;1,0;10,15;2,37;BK DBH 317
70466810,0;1;2,0;-8,02;3,43;BK DBH 82 v okraji paseky
70467026,0;1;1,0;15,07;-13,33;Levy roh pomniku
70467026,0;1;2,0;19,03;-5,2;Roh altanu
70467026,0;1;3,0;3,69;-4,88;Kolik
70467836,0;1;1,0;14,91;5,6;severni sloupek brany
70467836,0;1;2,0;15,22;-0,5;jizni sloupek vjezdove brany za silnici v pulce delky haly
70467836,0;1;3,0;-0,95;-11,38;BK 305
70468573,0;1;1,0;12,97;-1,22;BK DBH=262mm
70468573,0;1;2,0;2,0;12,67;BK DBH=196mm
70468581,0;1;1,0;-13,27;5,66;BK DBH=147mm
70468581,0;1;2,0;-2,09;-12,15;BK DBH=247mm
70471012,0;1;1,0;-0,46;-14,02;BK 24 cm
70471012,0;1;2,0;-7,11;6,18;BK 25 cm
70471020,0;1;1,0;9,11;8,89;BK 12 cm
70471020,0;1;2,0;-5,51;5,41;BK 12 cm
70471036,0;1;1,0;4,07;-11,32;BK
70471036,0;1;2,0;7,42;-0,01;BK 11cm
70472558,0;1;1,0;8,23;-10,73;DB DBH=384mm
70472558,0;1;2,0;2,83;1,07;
70472822,0;1;1,0;-4,75;16,24;BK DBH=347mm
70472822,0;1;2,0;15,29;-1,09;BK DBH=181mm
70473832,0;1;1,0;7,42;-8,15;HB DBH 84 u cesty
70473832,0;1;2,0;-2,51;7,52;BK DBH 367
70473976,0;1;1,0;-10,16;18,63;BK 32 cm
70473976,0;1;2,0;8,51;2,7;BK 25 cm
70475577,0;1;1,0;-13,72;-6,37;BK DBH=152mm
70475577,0;1;2,0;-11,63;7,29;BK DBH=283mm
70478021,0;1;1,0;11,07;-13,58;BK 20 cm
70478021,0;1;2,0;-0,77;-17,02;MD 28 cm
70479062,0;1;1,0;-6,42;-0,24;DG
70479062,0;1;2,0;4,61;-0,41;BK 11 cm
70481589,0;1;1,0;-13,43;-1,62;BK DBH=150mm
70481589,0;1;2,0;9,98;-8,98;BO 202mm
70482582,0;1;1,0;-15,19;-2,02;DB DBH=334mm
70482582,0;1;2,0;9,02;-10,6;DB 420mm
70482822,0;1;1,0;-12,11;13,21;BK DBH=209mm
70482822,0;1;2,0;-10,61;-12,92;BK 318mm
70482838,0;1;1,0;6,58;-18,8;BK DBH 287 oznaceny
70482838,0;1;2,0;19,1;-4,06;BK DBH 282 oznaceny
70483647,0;1;1,0;7,55;12,52;BK DBH=282mm
70483647,0;1;2,0;4,92;-12,49;BK DBH 161
70485040,0;1;1,0;14,71;7,53;BK 34 cm
70485040,0;1;2,0;-12,98;-1,06;MD 27 cm
70485897,0;1;1,0;9,29;11,55;BK DBH=187mm
70485897,0;1;2,0;2,51;-14,41;MD 245
70485905,0;1;1,0;-0,65;-14,41;BK DBH 250
70485905,0;1;2,0;-12,26;2,58;BK DBH 180
70486049,0;1;1,0;-1,92;-12,58;BK 32 cm
70486049,0;1;2,0;-4,83;11,01;BK 28 cm
70486073,0;1;1,0;-19,94;-9,47;BK 23 cm
70486073,0;1;2,0;-6,2;-11,34;HB 30 cm v okraji
70486073,0;1;3,0;-9,99;-6,71;Kolik
70486978,0;1;1,0;-1,31;-9,84;SM 18 cm
70486978,0;1;2,0;3,02;-2,35;BK 8 cm dojak
70488067,0;1;1,0;13,71;2,44;BK 38 cm
70488067,0;1;2,0;-12,47;-3,79;BK 29 cm
70489028,0;1;1,0;5,14;8,13;LP 21 cm
70489028,0;1;2,0;-7,33;-4,54;BK 26 cm
70490065,0;1;1,0;-4,25;16,69;DB 27 cm
70490065,0;1;2,0;-11,23;-7,35;BK 35 cm
70491660,0;1;1,0;-21,01;1,06;DB DBH=238 za cestou
70491660,0;1;2,0;5,73;13,45;BK DBH=246mm
70491812,0;1;1,0;-15,53;5,65;BK DBH=322mm
70491812,0;1;2,0;12,04;5,46;KL DBH=215
70493675,0;1;1,0;-10,09;8,55;BK DBH 156
70493675,0;1;2,0;-2,93;-11,66;BK DBH 235
70494828,0;1;1,0;-2,49;13,19;BK DBH 336
70494828,0;1;2,0;-5,23;-6,6;BK DBH 116
70495060,0;1;1,0;4,01;-15,41;BK 34 cm
70495060,0;1;2,0;1,32;11,96;HB 29 cm
70496029,0;1;1,0;-16,88;-7,37;BK 26 cm
70496029,0;1;2,0;13,4;0,89;BK 40 cm
70496654,0;1;1,0;-0,87;7,37;TR DBH=169mm
70496654,0;1;2,0;1,82;0,07;BK 87 strom c.1
70496990,0;1;1,0;-11,52;3,43;DG 32 cm u cesty
70496990,0;1;2,0;-1,19;-3,21;KL
70499663,0;1;1,0;10,85;-6,06;BK 250mm
70499663,0;1;2,0;0,05;-0,82;BK 77 strom c. 13
70499671,0;1;1,0;11,32;-11,2;BK DBH 251 za cestou
70499671,0;1;2,0;-9,55;-2,68;BK DBH 213
70499791,0;1;1,0;-7,39;11,68;BK DBH=262mm
70499791,0;1;2,0;12,96;3,86;HB DBH=188mm
70500808,0;1;1,0;12,59;-4,93;BK DBH 243
70500808,0;1;2,0;-1,73;12,51;BK DBH 248
70500880,0;1;1,0;-3,5;-17,88;BK DBH=160mm
70500880,0;1;2,0;-15,46;1,4;BK 158mm
70500936,0;1;1,0;-4,74;-14,27;BK 43 cm
70500936,0;1;2,0;-0,06;7,12;BK 14 cm
70501008,0;1;1,0;12,85;-8,53;BK 140
70501008,0;1;2,0;-11,13;-10,38;KL 202
70501785,0;1;1,0;12,32;10,26;HB 177mm
70501785,0;1;2,0;9,75;-8,93;HB DBH=250mm k ceste
70501977,0;1;1,0;-8,52;-11,39;BK 12 cm
70501977,0;1;2,0;-10,73;8,72;BK 19 cm
70502089,0;1;1,0;-13,01;-0,84;BK 13 cm
70502089,0;1;2,0;9,85;3,98;KL 12 cm
70502834,0;1;1,0;-11,01;-10,94;BK DBH=350mm
70502834,0;1;2,0;-12,51;7,57;BK 350mm
70502994,0;1;1,0;-9,52;-5,58;MD 8 cm
70502994,0;1;2,0;-3,33;5,02;MD  19 cm
70503098,0;1;1,0;4,0;4,09;BK 26 cm
70503098,0;1;2,0;2,64;-3,03;KL  21 cm
70504653,0;1;1,0;7,49;13,02;BK DBH=239mm
70504653,0;1;2,0;-11,71;4,97;BK DBH=162
70505045,0;1;1,0;-8,27;7,88;BK
70505045,0;1;2,0;-2,13;-3,88;DB 
70505781,0;1;1,0;10,09;-9,44;HB DBH 222
70505781,0;1;2,0;-12,28;-4,64;HB DBH 142
70506862,0;1;1,0;-10,04;8,31;BK DBH=182mm
70506862,0;1;2,0;-3,18;-11,39;BK DBH=248mm
70507799,0;1;1,0;2,56;-12,16;BK 262mm
70507799,0;1;2,0;-10,29;3,34;BK 270mm
70507975,0;1;1,0;13,82;-5,64;JD 37 cm
70507975,0;1;2,0;-0,07;2,62;BK
70508007,0;1;1,0;-0,78;11,2;BK
70508007,0;1;2,0;-4,01;-0,31;MD u cesty
70509016,0;1;1,0;-15,92;6,04;BK DBH=268mm
70509016,0;1;2,0;9,73;8,05;BK DBH=242mm
70509064,0;1;1,0;8,23;-2,58;JD 10 cm
70509064,0;1;2,0;2,93;0,77;MD
70509080,0;1;1,0;-5,42;-8,19;BK 15cm
70509080,0;1;2,0;4,31;3,91;BK 17 cm
70509687,0;1;1,0;15,62;7,25;TR DBH=175mm
70509687,0;1;2,0;1,13;-2,91;BK DBH=121mm strom c 1
70509839,0;1;1,0;-8,52;-9,98;BK DBH 260
70509839,0;1;2,0;-4,26;10,39;BK DBH 218
70511072,0;1;1,0;-8,14;11,54;BK 13 cm
70511072,0;1;2,0;-0,05;-6,02;SM u cesty
70511096,0;1;1,0;-11,95;-1,34;BK 7 cm
70511096,0;1;2,0;-4,77;-1,59;BK 5 cm
70511961,0;1;1,0;-2,89;4,23;BK  5 cm
70511961,0;1;2,0;1,58;2,59;BO 7 cm
70512057,0;1;1,0;13,58;13,34;BK 23 cm
70512057,0;1;2,0;-8,4;2,37;BK 25 cm
70512770,0;1;1,0;8,88;-9,52;HB DBH 164
70512770,0;1;2,0;3,72;12,27;DB DBH 265
70512882,0;1;1,0;-13,84;-6,1;TResen 122
70512882,0;1;2,0;7,56;10,6;MD DBH 142mm
70513824,0;1;1,0;0,85;-14,8;BK DBH=125mm
70513824,0;1;2,0;11,01;8,03;BK 175mm
70513952,0;1;1,0;5,46;12,81;MD DBH 120
70513952,0;1;2,0;1,39;-8,71;BO DBH 110
70514841,0;1;1,0;-10,08;11,68;BK 233mm
70514841,0;1;2,0;-6,54;-9,85;BK 297mm
70515762,0;1;1,0;-11,94;4,11;BK 158mm
70515762,0;1;2,0;-3,71;-10,49;JA MLEC DBH=145mm
70515834,0;1;1,0;-9,96;9,29;HB DBH 187
70515834,0;1;2,0;-6,4;-11,46;HB DBH 155
70515898,0;1;1,0;14,82;-1,74;KL DBH 182
70515898,0;1;2,0;6,14;-13,05;BK DBH 142
70515978,0;1;1,0;-4,99;15,75;DG DBH 220
70515978,0;1;2,0;-2,16;-14,67;BO DBH 118
70515986,0;1;1,0;-4,44;19,42;BK DBH=272mm
70515986,0;1;2,0;-13,54;-8,93;SM DBH=226mm
70517891,0;1;1,0;-0,48;17,32;BK DBH=198mm
70517891,0;1;2,0;13,03;-0,2;BK DBH=259mm
70518940,0;1;1,0;-11,73;-13,66;SM DBH 237
70518940,0;1;2,0;7,17;-13,32;BO DBH 103 za cestou
70519044,0;1;1,0;13,89;-1,97;BK 18 cm
70519044,0;1;2,0;-13,28;3,85;BK 24 cm
70519060,0;1;1,0;0,66;-16,51;BK 13 cm
70519060,0;1;2,0;-2,35;4,45;KL
70519100,0;1;1,0;0,98;9,68;MD
70519100,0;1;2,0;-1,36;-2,0;BO
70519822,0;1;1,0;-11,61;-12,58;BK 308mm
70519822,0;1;2,0;13,2;-0,76;BK 260mm
70520783,0;1;1,0;12,25;11,96;HB DBH=190mm
70520783,0;1;2,0;-14,99;1,07;HB DBH=123mm
70520999,0;1;1,0;14,3;-2,54;BK DBH=315mm
70520999,0;1;2,0;3,41;7,81;SM 223
70521880,0;1;1,0;16,43;-9,6;BK 395mm
70521880,0;1;2,0;-1,27;12,97;BK 260mm
70522096,0;1;1,0;-6,04;8,5;LP 28cm
70522096,0;1;2,0;-4,3;-5,3;BK
70522921,0;1;1,0;3,59;25,57;BK DBH 170mm za cestou
70522921,0;1;2,0;16,92;0,38;BK DBH 235mm
70523817,0;1;1,0;3,09;22,01;BK DBH=360mm
70523817,0;1;2,0;-11,8;-5,75;BK DBH=233mm
70523913,0;1;1,0;0,21;20,22;BK DBH=312mm
70523913,0;1;2,0;-15,46;-2,86;BK DBH=300mm
70524930,0;1;1,0;-19,77;-7,15;BK DBH=215mm
70524930,0;1;2,0;5,76;15,59;BK DBH=242mm
70524954,0;1;1,0;-4,62;-11,86;Sloupek plotu arboreta
70524954,0;1;2,0;-0,00895;5,12;DG DBH 118mm
70526940,0;1;1,0;-25,6;2,55;BK  DBH=290mm
70526940,0;1;2,0;-11,12;19,82;BK 258
70527044,0;1;1,0;-9,17;-9,26;Sloup el. vedeni neoznaceny nejblizsi okraji
70527044,0;1;2,0;-2,74;10,78;BK DBH=230mm
70527076,0;1;1,0;7,18;-0,79;BR 10 cm
70527076,0;1;2,0;-1,37;-5,04;JD 14 cm
70527092,0;1;1,0;21,34;21,26;Vystavek MD
70527092,0;1;2,0;-7,78;24,84;Vystavek MD
70527092,0;1;3,0;-1,36;-3,8;DG 8 cm
70527092,0;1;4,0;-0,5;0,77;KL 3 m
70527973,0;1;1,0;9,21;-20,12;BO DBH=365mm
70527973,0;1;2,0;-15,87;2,25;BO DBH=300mm
70528061,0;1;1,0;2,45;-13,91;TR 26 cm
70528061,0;1;2,0;2,89;-0,93;DG
70528814,0;1;1,0;10,62;-7,54;HB DBH=303mm
70528814,0;1;2,0;-7,29;-10,18;HB 105 u cesty
70529022,0;1;1,0;0,02;-16,62;KL DBH=259mm
70529022,0;1;2,0;-7,32;10,04;HB DBH=177mm
70530032,0;1;1,0;13,83;6,83;HB 227
70530032,0;1;2,0;-4,99;13,64;BK 325
70530929,0;1;1,0;0,31;-15,22;BK 18 cm
70530929,0;1;2,0;7,66;10,66;BK 33 cm
70531089,0;1;1,0;-9,88;-1,67;DG 13 cmu cesty
70531089,0;1;2,0;4,26;-2,67;BK 10 cm
70531826,0;1;1,0;11,97;5,15;HB DBH 135
70531826,0;1;2,0;6,49;-9,77;HB DBH 150
70532042,0;1;1,0;-10,83;-5,45;KL 159mm
70532042,0;1;2,0;7,36;-7,24;JB 206
70532899,0;1;1,0;-11,11;-6,6;MD 120mm
70532899,0;1;2,0;7,64;-8,89;BK DBH=120mm
70534910,0;1;1,0;14,13;1,61;TR 27 cm
70534910,0;1;2,0;-4,84;-4,66;TR 24 cm
70534950,0;1;1,0;14,04;13,85;BO 43 cm
70534950,0;1;2,0;-0,76;-5,37;MD 7 cm
70534958,0;1;1,0;-4,42;-17,47;JD 29 cm
70534958,0;1;2,0;2,73;2,39;JD 23 cm
70536889,0;1;1,0;-3,11;12,85;BK DBH=95mm
70536889,0;1;2,0;-11,84;-2,08;HB DBH=298mm v okraji
70536985,0;1;1,0;-18,44;-11,48;MD DBH=426mm
70536985,0;1;2,0;-9,56;10,4;MD DBH=262mm
70537073,0;1;1,0;3,91;-1,32;BK 7 cm
70537073,0;1;2,0;-0,38;-2,0;MD 6 cm
70538999,0;1;1,0;-7,77;10,94;topol DBH=110mm
70538999,0;1;2,0;-5,98;5,64;vnejsi roh budovy hrbitova
70540920,0;1;1,0;10,71;-3,98;BK 28 cm
70540920,0;1;2,0;-7,97;-0,95;BK 14 cm
70541096,0;1;1,0;-9,01;-3,91;BK 15 cm
70541096,0;1;2,0;4,94;-4,56;BK
70541112,0;1;1,0;8,27;4,52;BK 20 cm
70541112,0;1;2,0;5,8;-6,38;MD 24 cm
70542986,0;1;1,0;-11,82;9,27;MD 370 
70542986,0;1;2,0;5,26;13,86;MD DBH=447mm
70545092,0;1;1,0;-1,8;-6,79;BK 22 cm
70545092,0;1;2,0;0,64;2,34;BK 4 m
70548982,0;1;1,0;18,52;-22,47;BO DBH=440mm
70548982,0;1;2,0;-19,52;4,47;Vrba jiva DBH=130mm
70551112,0;1;1,0;29,01;13,77;DG dole u cesty
70551112,0;1;2,0;0,91;-6,66;BK 6 cm u cesrty
70556935,0;1;1,0;-3,72;-10,27;BK 17 cm
70556935,0;1;2,0;4,03;9,18;BK 28 cm
70557999,0;1;1,0;-14,58;6,64;BK DBH=177mm
70557999,0;1;2,0;-2,6;-12,05;BK DBH=155mm
70562964,0;1;1,0;-22,97;-20,73;tyc vodovod u rozcesti
70562964,0;1;2,0;6,95;-12,65;BK DBH=327mm
70564942,0;1;1,0;9,83;-14,75;MD DBH=205mm
70564942,0;1;2,0;-12,25;-4,43;BK 140mm
70564998,0;1;1,0;-11,64;13,63;HB DBH=358mm
70564998,0;1;2,0;14,6;3,53;MD DBH=323mm
70566976,0;1;1,0;5,46;-21,44;BK 122 za cestou
70566976,0;1;2,0;7,89;5,69;KL DBH=138mm
70570971,0;1;1,0;-20,78;-3,77;BK DBH 200
70570971,0;1;2,0;8,11;17,32;BK DBH 210
70571011,0;1;1,0;9,6;5,0;BR DBH=110mm mimo oplocenku
70571011,0;1;2,0;9,33;-3,39;TR DBH=179 mimo oplocenku
70572957,0;1;1,0;-15,22;-15,92;BK 133mm
70572957,0;1;2,0;14,73;-9,31;BK DBH=359mm
70573948,0;1;1,0;9,09;-7,87;BK DBH=317mm
70573948,0;1;2,0;0,98;-0,29;BK DBH=66mm
70574989,0;1;1,0;14,99;-0,99;HB 231mm
70574989,0;1;2,0;-9,23;-6,39;BK DBH=253mm
70578977,0;1;1,0;11,03;-23,35;BK 283
70578977,0;1;2,0;-0,23;-7,12;BK DBH=152mm
70580987,0;1;1,0;13,07;-7,21;BK DBH=356mm
70580987,0;1;2,0;-7,41;-9,09;BK DBH=229mm
70581955,0;1;1,0;11,19;10,76;BK DBH 123
70581955,0;1;2,0;13,75;-4,97;BK DBH 223
70582916,0;1;1,0;14,12;-6,2;HB DBH=290mm
70582916,0;1;2,0;-10,19;-11,04;HB 177 v okraji
70584934,0;1;1,0;6,97;-12,28;JS DBH 224 u cesty
70584934,0;1;2,0;-11,82;-2,7;BK DBH 255 u cesty
70585944,0;1;1,0;-1,19;14,27;BK DBH=277mm
70585944,0;1;2,0;-10,46;-8,41;BK DBH=289mm
70592942,0;1;1,0;14,52;-1,78;BK DBH=260mm
70592942,0;1;2,0;-3,09;-14,19;BK DBH=161mm
70594959,0;1;1,0;-20,28;-1,31;BK DBH 124
70594959,0;1;2,0;9,7;-12,24;BK DBH 290
70594983,0;1;1,0;6,01;-12,45;BK DBH 178
70594983,0;1;2,0;-11,22;1,53;BK DBH 219
70594991,0;1;1,0;-13,29;5,61;BK DBH=154mm
70594991,0;1;2,0;-10,44;-8,6;BK DBH=310mm
70596977,0;1;1,0;-19,55;3,83;BK DBH=267mm
70596977,0;1;2,0;8,65;7,15;BK DBH=130mm
70601962,0;1;1,0;1,45;-15,66;BK DBH 281
70601962,0;1;2,0;14,08;-1,15;BK DBH=286mm
70606982,0;1;1,0;-11,02;-5,73;BK DBH=250mm
70606982,0;1;2,0;5,71;10,92;BK DBH=180mm
70611979,0;1;1,0;-8,27;-13,61;BO DBH 345
70611979,0;1;2,0;-11,09;9,54;BK DBH 255
70618973,0;1;1,0;11,62;4,93;BK DBH=115mm
70618973,0;1;2,0;-6,65;1,0;BK DBH=383mm
80000001,0;1;1,0;1,01;19,3;
80000001,0;1;2,0;-4,42;11,92;JD u linky
80000003,0;1;1,0;12,34;11,58;
80000003,0;1;2,0;5,37;14,63;JD k vychozimu bodu
80000004,0;1;1,0;-14,53;-7,43;
80000004,0;1;2,0;4,35;3,39;JD tenka
80000005,0;1;1,0;8,9;15,79;stred velkeho balvanu
80000005,0;1;2,0;0,5;-6,03;BK  10 m nad cestou
80000007,0;1;1,0;-22,18;-7,55;
80000007,0;1;2,0;-0,06;-7,73;JD k ceste
80000008,0;1;1,0;-15,0;0,78;přes cestu
80000008,0;1;2,0;-4,6;8,55;JD v plose
80000009,0;1;1,0;21,22;-1,06;BK  10 m na koryem potoka
80000009,0;1;2,0;6,19;15,96;
80000010,0;1;1,0;19,24;14,85;u linky
80000010,0;1;2,0;2,44;15,47;BK k elektrovodu
80000011,0;1;1,0;-21,85;-20,51;
80000011,0;1;2,0;-3,93;-6,36;SM na hrane rokle, mapa nesedi
80000012,0;1;1,0;12,22;5,15;u cesty
80000012,0;1;2,0;-1,5;1,81;JD u pruseku u stredu plochy
80000015,0;1;1,0;16,51;-17,59;
80000015,0;1;2,0;9,17;12,4;JD silnejsi, k ceste
80000017,0;1;1,0;-9,39;12,2;u cesty
80000017,0;1;2,0;-3,07;-0,92;BK blizko stredu
80000020,0;1;1,0;-15,82;-15,6;
80000020,0;1;2,0;7,56;7,48;BK  v plose
80000023,0;1;1,0;21,02;-12,43;
80000023,0;1;2,0;12,65;6,72;
80000025,0;1;1,0;0,77;-17,71;u cesty
80000025,0;1;2,0;-1,67;-14,05;BK tenky u cesty
80000030,0;1;1,0;0,47;-14,68;
80000030,0;1;2,0;-12,51;-3,12;BO smerem k ceste
80000031,0;1;1,0;18,36;-2,35;
80000031,0;1;2,0;-3,49;3,91;BK  v mezere v plose
80000033,0;1;1,0;-2,89;20,83;
80000033,0;1;2,0;6,87;8,72;JD u skladky
80000037,0;1;1,0;14,91;-9,48;BK k potoku
80000037,0;1;2,0;10,16;9,86;
80000038,0;1;1,0;-16,87;-0,4;BK tenky rovny k ceste
80000038,0;1;2,0;2,17;-15,88;
80000039,0;1;1,0;-1,24;17,97;
80000039,0;1;2,0;-13,5;-4,08;BK  tenky nad cestou
80000042,0;1;1,0;14,41;7,01;BK
80000042,0;1;2,0;-2,26;-15,52;
80000045,0;1;1,0;-19,84;1,04;
80000045,0;1;2,0;-3,01;6,91;SM  na okaji linky
80000046,0;1;1,0;12,27;-15,33;BK k pruseku
80000046,0;1;2,0;12,49;1,66;
80000051,0;1;1,0;-1,58;18,63;
80000051,0;1;2,0;13,64;6,09;JD pod brdem
80000055,0;1;1,0;13,85;-3,88;
80000055,0;1;2,0;10,44;8,61;SM 28 tlusty v mezere
80000056,0;1;1,0;-3,02;17,16;
80000056,0;1;2,0;-5,52;-2,16;BK tenky na kraji tyckoviny
80000057,0;1;1,0;4,67;16,37;u cesty
80000057,0;1;2,0;8,47;1,47;BK  na mezi
80000061,0;1;1,0;21,76;4,54;
80000061,0;1;2,0;14,2;-7,64;
80000067,0;1;1,0;13,88;6,0;u cesty
80000067,0;1;2,0;-4,37;10,01;
80000068,0;1;1,0;2,27;-15,05;
80000068,0;1;2,0;4,01;-1,11;
80000069,0;1;1,0;2,83;17,3;
80000069,0;1;2,0;-13,45;3,98;
80000070,0;1;1,0;-3,54;21,93;
80000070,0;1;2,0;-13,43;-5,53;
80000071,0;1;1,0;-9,18;-18,02;
80000071,0;1;2,0;-18,85;-4,66;
80000076,0;1;1,0;-13,8;2,94;
80000076,0;1;2,0;-9,86;2,32;u cesty
80000078,0;1;1,0;-14,56;-1,87;
80000078,0;1;2,0;-0,56;14,34;BK cca 28 cm
80000081,0;1;1,0;-23,12;-0,41;BK  cca 25 cm u cesty
80000081,0;1;2,0;-3,7;16,01;
80000082,0;1;1,0;-3,85;19,05;BK 34 cm smerem k rokli
80000082,0;1;2,0;-12,7;-13,62;
80000083,0;1;1,0;22,66;1,7;
80000083,0;1;2,0;2,84;-10,83;BK  nahore rozdvojen
80000084,0;1;1,0;-8,62;8,88;
80000084,0;1;2,0;12,08;0,97;BK silny v plose
80000086,0;1;1,0;22,9;2,19;JD 26 cm
80000086,0;1;2,0;-9,94;16,23;
80000089,0;1;1,0;4,38;17,44;
80000089,0;1;2,0;-14,79;1,02;
80000090,0;1;1,0;-8,27;12,26;
80000090,0;1;2,0;-7,28;-10,91;BK  cca30 cm u cesty
80000091,0;1;1,0;5,07;21,71;
80000091,0;1;2,0;-5,54;5,16;
80000104,0;1;1,0;-23,26;3,92;BK silny nad potokem
80000104,0;1;2,0;-12,02;-3,53;slaby bk
80000106,0;1;1,0;10,51;-13,57;
80000106,0;1;2,0;-16,16;5,5;JD  k ceste
80000107,0;1;1,0;-16,92;7,52;
80000107,0;1;2,0;-12,54;12,23;BK  silnejsi
80000108,0;1;1,0;12,84;9,96;JD vlevo u pruseku
80000108,0;1;2,0;-3,3;12,08;
80000110,0;1;1,0;12,24;19,69;SM  u cesty
80000110,0;1;2,0;9,23;-2,73;
80000111,0;1;1,0;-13,17;7,74;
80000111,0;1;2,0;5,4;12,8;BK v mezere
80000112,0;1;1,0;15,97;-5,1;BK u pesiny k silnici
80000112,0;1;2,0;0,21;12,22;
80000116,0;1;1,0;13,9;-7,43;
80000116,0;1;2,0;2,64;6,61;BK  u cesty
80000117,0;1;1,0;7,85;-9,8;
80000118,0;1;1,0;0,79;18,15;SM tenky u cesty
80000118,0;1;2,0;9,21;13,92;
80000120,0;1;1,0;-10,68;13,09;JD  k cese, tenka
80000120,0;1;2,0;10,66;-5,98;
90286790,0;1;1,0;-2,95;-12,99;BK 152
90286790,0;1;2,0;-12,59;0,96;BK DBH=125mm
90287788,0;1;1,0;-5,79;11,22;BK DBH 195
90287788,0;1;2,0;-6,96;-10,17;BK DBH 178
90294786,0;1;1,0;13,6;-12,72;BK 182
90294786,0;1;2,0;0,85;16,3;BK 311
90295791,0;1;1,0;1,47;14,05;BK DBH 298
90295791,0;1;2,0;-10,18;-8,91;BK DBH 232
90298787,0;1;1,0;0,81;16,0;BK 225
90298787,0;1;2,0;-15,52;-0,32;BK 240 u cesty
90298803,0;1;1,0;-2,71;14,78;BK DBH=257mm
90298803,0;1;2,0;12,59;3,35;DB DBH=315mm
90299799,0;1;1,0;-1,16;14,18;BK DBH=172mm
90299799,0;1;2,0;-13,32;0,41;BK DBH=295mm
90302792,0;1;1,0;14,57;2,15;BK DBH 302
90302792,0;1;2,0;-3,46;12,14;BK DBH 283
90303786,0;1;1,0;-7,62;13,75;BK DBH=297mm
90303786,0;1;2,0;13,79;4,85;BK DBH=197mm
90303802,0;1;1,0;-0,26;14,92;BK DBH 287
90303802,0;1;2,0;-12,79;1,86;BK DBH 225
90304799,0;1;1,0;12,06;5,9;BK DBH=241mm
90304799,0;1;2,0;-7,63;10,43;BK DBH=216mm
90309786,0;1;1,0;-8,07;-16,12;BK DBH=264mm
90309786,0;1;2,0;15,56;-7,62;BK DBH=265mm
90310799,0;1;1,0;17,02;1,9;BK 258 oznaceny
90310799,0;1;2,0;-4,59;-3,9;sloupek rohovy plotu vodarenskeho zarizeni neoznaceny
90311807,0;1;1,0;-7,76;-15,04;BK 282mm
90311807,0;1;2,0;9,85;-12,25;BK 281
90312784,0;1;1,0;-13,78;-6,48;BK DBH=298mm
90312784,0;1;2,0;-4,27;11,88;BK DBH=175mm
90312796,0;1;1,0;-16,17;-4,63;BK DBH=205mm
90312796,0;1;2,0;-2,6;12,35;BK 272mm
90315797,0;1;1,0;-15,25;6,1;BK DBH=223mm
90315797,0;1;2,0;8,16;14,02;BK DBH=238mm
90316810,0;1;1,0;10,22;13,37;BK DBH=195mm
90316810,0;1;2,0;-9,05;10,45;BK DBH=150mm
90317820,0;1;1,0;-17,45;-3,1;BK DBH=206mm
90317820,0;1;2,0;11,28;-11,93;BK 270mm
90318793,0;1;1,0;-16,63;-1,77;BK 290
90318793,0;1;2,0;-3,75;-15,89;BK 160
90467656,0;1;1,0;4,51;-17,45;BK DBH 128 u cesty
90467656,0;1;2,0;-12,52;3,59;BK DBH 159
90469663,0;1;1,0;-10,22;12,99;BK u cesty DBH=121mm
90469663,0;1;2,0;-12,21;-4,25;BK 232mm
90472658,0;1;1,0;13,34;-12,57;BK DBH 132
90472658,0;1;2,0;-6,84;-11,2;BK 155
90473668,0;1;1,0;3,32;-13,32;KL DBH=117mm
90473668,0;1;2,0;-5,49;1,2;neoznaceny sloupek posedu vzdalenejsi od zebriku a od cesty
90476666,0;1;1,0;13,48;-1,15;BK DBH=274 mm
90476666,0;1;2,0;-11,21;6,82;BK DBH=236mm
90477657,0;1;1,0;-5,35;12,86;BK DBH=295mm
90477657,0;1;2,0;12,14;-4,13;BK 120
90478674,0;1;1,0;-15,23;11,9;MD DBH=443mm
90478674,0;1;2,0;-2,94;-16,87;BK DBH=208mm
90479651,0;1;1,0;-1,52;13,84;BK DBH 360
90479651,0;1;2,0;-12,4;-6,1;BK DBH 309
90482658,0;1;1,0;15,42;0,05;BK DBH 489mm
90482658,0;1;2,0;1,73;-13,51;BK DBH 215mm
90592914,0;1;1,0;-15,13;-1,67;BK 257
90592914,0;1;2,0;-4,93;-13,13;DB 435
90593922,0;1;1,0;5,98;15,19;TR 287
90593922,0;1;2,0;10,18;-2,23;HB 155 4m od plotu vodarenskeho zarizeni
90598930,0;1;1,0;-14,93;-7,97;BK DBH=352mm
90598930,0;1;2,0;-3,73;14,76;BK DBH=325mm
90598934,0;1;1,0;-12,24;10,02;BK DBH 302
90598934,0;1;2,0;4,64;13,34;BK DBH 266
90602943,0;1;1,0;-13,68;7,12;BK DBH 167
90602943,0;1;2,0;6,32;12,74;BK DBH 275
90602947,0;1;1,0;-14,77;14,11;JD DBH=337mm
90602947,0;1;2,0;-6,84;-13,37;BK DBH=225mm
90604952,0;1;1,0;-15,98;-10,5;BK DBH=272mm
90604952,0;1;2,0;-6,48;11,64;BK DBH=250mm
90607912,0;1;1,0;11,92;12,3;BK DBH=396mm
90607912,0;1;2,0;-15,73;5,69;BK DBH=191mm
90610954,0;1;1,0;12,25;7,98;BK DBH=198mm
90610954,0;1;2,0;-5,91;12,5;BK DBH=219mm
90612960,0;1;1,0;14,4;0,83;BK DBH 148
90612960,0;1;2,0;-0,07;14,32;BK DBH 300
90612964,0;1;1,0;10,88;-16,69;BK DBH=408mm
90612964,0;1;2,0;-11,56;-8,46;BK 302
90616964,0;1;1,0;-15,46;6,12;JD 355
90616964,0;1;2,0;0,67;15,41;BK 140
90619914,0;1;1,0;-4,93;-15,46;BK DBH=315mm
90619914,0;1;2,0;-11,02;8,67;BO DBH=517mm
90627920,0;1;1,0;-15,77;2,21;BK DBH=108mm
90627920,0;1;2,0;4,01;-14,79;DB DBH=193mm
100000001,0;1;1,0;13,12;1,08;
100000001,0;1;2,0;-0,33;-8,3;
100000002,0;1;1,0;-8,26;-11,71;
100000002,0;1;2,0;-4,15;13,22;
100000008,0;1;1,0;6,97;12,18;U linky
100000008,0;1;2,0;-0,9;-2,47;
100000025,0;1;1,0;-12,89;9,67;
100000025,0;1;2,0;2,09;0,38;
100000026,0;1;1,0;-12,58;3,33;u cesty
100000026,0;1;2,0;-8,05;1,02;u cesty
100000037,0;1;1,0;9,1;-18,75;
100000037,0;1;2,0;-2,35;-4,08;
100000048,0;1;1,0;7,3;14,48;
100000048,0;1;2,0;4,91;-3,13;
100000049,0;1;1,0;-6,28;-22,77;
100000049,0;1;2,0;13,02;-4,35;
100000063,0;1;1,0;15,62;16,7;
100000063,0;1;2,0;0,72;4,13;
100000063,0;1;3,0;-1,41;-1,05;
100000099,0;1;1,0;8,56;10,57;
100000099,0;1;2,0;0,71;10,2;
100000116,0;1;1,0;4,52;-12,23;
100000116,0;1;2,0;-8,07;-1,08;
100000206,0;1;1,0;-16,25;2,98;u cesty
100000206,0;1;2,0;5,64;-14,02;Mezi tenkymi buky
100000217,0;1;1,0;15,57;4,58;
100000217,0;1;2,0;12,59;4,71;
100000236,0;1;1,0;13,93;-10,98;
100000236,0;1;2,0;14,92;-4,96;
100000243,0;1;1,0;2,49;15,06;
100000243,0;1;2,0;-3,3;13,2;
100000255,0;1;1,0;8,34;-22,32;
100000255,0;1;2,0;3,79;-17,44;
110268675,0;1;1,0;3,99;-14,49;DB 32 cm
110268675,0;1;2,0;-2,83;1,31;BK  5m
110268699,0;1;1,0;-16,6;-0,87;BK 38 cm
110268699,0;1;2,0;16,32;0,28;BK 31 cm
110270686,0;1;1,0;-18,02;-8,75;DB 42 cm ODD
110270686,0;1;2,0;5,52;-13,0;BK 40 cm
110270694,0;1;1,0;-15,32;-11,29;BK 24 cm
110270694,0;1;2,0;2,46;18,46;BK  26 cm
110274676,0;1;1,0;-13,08;1,93;HB 25 m
110274676,0;1;2,0;5,42;-11,85;BK 47 cm
110275702,0;1;1,0;6,02;-13,33;BK 29 cm
110275702,0;1;2,0;-13,66;-2,11;BK 32 cm
110276711,0;1;1,0;-19,6;4,16;BK 39 m
110276711,0;1;2,0;12,52;-0,1;BK 32 cm
110277696,0;1;1,0;9,97;-7,41;DB 32 cm
110277696,0;1;2,0;-8,82;0,29;BK  6m
110278689,0;1;1,0;2,84;-4,26;BK 7m
110278689,0;1;2,0;-2,0;0,37;BK 7 m
110279729,0;1;1,0;-5,62;-0,03;BK 4m u cesty
110279729,0;1;2,0;4,92;0,3;BK  6m
110281720,0;1;1,0;-4,68;9,65;BK Hr. dilce
110281720,0;1;2,0;-6,38;1,39;BK 11 cm
110284690,0;1;1,0;6,02;-2,24;BK 4m
110284690,0;1;2,0;-2,12;0,01;BK 5 m
110284714,0;1;1,0;-12,66;-11,52;DB 32 cm
110284714,0;1;2,0;3,89;-1,02;BK 4m
110285741,0;1;1,0;-1,82;-4,79;BK 8 cm
110285741,0;1;2,0;2,89;2,51;BK 5 cm
110286702,0;1;1,0;8,77;12,21;DB 36 cm
110286702,0;1;2,0;-2,32;-1,95;BK 5m
110288737,0;1;1,0;0,36;4,31;BK 7 cm
110288737,0;1;2,0;-0,77;-3,85;BK 8 cm
110289727,0;1;1,0;-16,13;-3,57;BK 24 cm
110289727,0;1;2,0;5,54;9,18;BK 23 cm
110292699,0;1;1,0;-3,41;-2,81;KL 29 cm
110292699,0;1;2,0;2,68;1,17;BK 6m
110292723,0;1;1,0;12,85;6,77;BK 39 cm
110292723,0;1;2,0;-1,68;-1,88;BK 4 m
110293749,0;1;1,0;5,43;-13,58;BK 28 cm
110293749,0;1;2,0;-4,98;3,89;BK
110294718,0;1;1,0;10,06;16,61;BBK 26 cm
110294718,0;1;2,0;6,24;-15,85;BK 18 cm
110298759,0;1;1,0;-2,76;-8,7;BK
110298759,0;1;2,0;-6,62;0,09;BK 8 cm
110300728,0;1;1,0;-7,83;-14,43;JV 35 cm
110300728,0;1;2,0;7,18;11,81;BK 33 cm
110300736,0;1;1,0;12,56;-10,43;BK 40 cm
110300736,0;1;2,0;6,73;5,23;BK 4m
110301719,0;1;1,0;3,84;17,62;BK 28 cm
110301719,0;1;2,0;8,75;-10,7;BK 25 cm
110301743,0;1;1,0;-13,23;10,87;BK 43 cm
110301743,0;1;2,0;-9,01;-7,97;BK 8 cm
110306746,0;1;1,0;-3,62;3,34;MD 8cm
110306746,0;1;2,0;2,84;-1,07;BK 4m
110307739,0;1;1,0;12,32;-6,72;MD 41 cm
110307739,0;1;2,0;-7,7;10,75;BK  36 cm
110308772,0;1;1,0;-9,62;2,85;HB 5 cm
110308772,0;1;2,0;0,98;-1,41;SM
110309766,0;1;1,0;15,39;-4,5;BK  5m
110309766,0;1;2,0;-13,66;1,29;BK  5m
110310735,0;1;1,0;1,35;12,65;DB 38 cm
110310735,0;1;2,0;-7,54;-9,87;BK 30 cm
110312760,0;1;1,0;-16,98;1,3;BK 30 cm
110312760,0;1;2,0;7,53;4,21;BK 5m
110313751,0;1;1,0;-3,4;-5,68;MD 10 cm
110313751,0;1;2,0;-1,07;-0,77;BK
110315777,0;1;1,0;5,13;-5,9;BK 12 cm
110315777,0;1;2,0;0,52;6,8;BK 10 cm
110317772,0;1;1,0;-15,07;-10,95;BK 40 cm
110317772,0;1;2,0;2,21;2,06;BK 4m
110319765,0;1;1,0;-8,23;3,73;KL 7cm
110319765,0;1;2,0;3,74;3,04;BK 3m
110325699,0;1;1,0;-11,93;-7,37;Roh oploceni
110325699,0;1;2,0;0,82;10,0;TR 14 cm
110325779,0;1;1,0;2,84;10,55;BK 32 cm
110325779,0;1;2,0;-1,34;-9,02;BK 5m
110333787,0;1;1,0;-5,85;-13,85;JV  39 cm
110333787,0;1;2,0;0,98;13,09;BK 43 cm
110406993,0;1;1,0;8,58;12,35;DB 27 cm
110406993,0;1;2,0;-14,63;3,48;BK 32 cm
110414997,0;1;1,0;-1,45;-14,55;BK 27 cm
110414997,0;1;2,0;7,87;-0,91;BK 15 cm
110417007,0;1;1,0;-11,85;7,69;MD 30 cm
110417007,0;1;2,0;-4,5;-9,4;BK 25 cm
110417993,0;1;1,0;-12,16;3,74;BK 28 cm
110417993,0;1;2,0;0,7;-11,9;BK 29 cm
110423004,0;1;1,0;4,04;-13,74;MD 30 cm
110423004,0;1;2,0;5,07;12,01;BK 29 cm
110425014,0;1;1,0;12,55;4,47;SM 26 cm
110425014,0;1;2,0;-8,6;1,97;MD 24 cm
110431587,0;1;1,0;-17,02;0,62;MD 36 cm
110431587,0;1;2,0;1,09;-13,28;HB 20 cm
110432011,0;1;1,0;11,8;-11,71;BK 33 cm
110432011,0;1;2,0;4,16;13,29;BK 24 cm
110432580,0;1;1,0;-5,92;0,12;BK 6m u pruseku
110432580,0;1;2,0;1,3;-2,51;OS 6m
110434007,0;1;1,0;12,39;-17,96;BK 38 cm
110434007,0;1;2,0;-4,77;16,97;BK 30 cm
110434608,0;1;1,0;7,31;13,24;JV  19 cm
110434608,0;1;2,0;-6,42;-9,21;JL 16 cm dvojak
110435578,0;1;1,0;-11,57;-6,6;BK 42 cm
110435578,0;1;2,0;10,24;6,3;BK 28 cm
110435602,0;1;1,0;-8,2;-0,67;JD 15 cm
110435602,0;1;2,0;7,22;0,07;JD 15 cm
110437587,0;1;1,0;0,8;9,79;MD 14 cm
110437587,0;1;2,0;2,7;-2,41;MD  11 cm
110439020,0;1;1,0;17,77;-3,07;DB 34 cm
110439020,0;1;2,0;-16,06;2,91;HB 24 cm
110440575,0;1;1,0;-12,83;2,28;BK 23 cm
110440575,0;1;2,0;3,3;-10,94;BK 19 cm
110440599,0;1;1,0;-10,45;-14,7;BK  44 cm
110440599,0;1;2,0;6,88;-4,15;BK
110442017,0;1;1,0;0,63;18,11;BK 25 cm
110442017,0;1;2,0;-12,62;-0,39;BK 26 cm
110443612,0;1;1,0;-7,95;-10,82;BK 22 cm
110443612,0;1;2,0;3,66;-10,41;BK 23 cm u cesty
110444589,0;1;1,0;-5,37;2,49;MD 8 cm
110444589,0;1;2,0;0,79;-0,93;SM 8 cm
110445595,0;1;1,0;-13,54;6,54;BK 56 cm u cesty
110445595,0;1;2,0;8,62;-0,1;BK  10 cm
110447573,0;1;1,0;8,5;-2,35;DB 18 cm
110447573,0;1;2,0;-7,19;-0,71;DB 16 cm
110448582,0;1;1,0;-0,85;-17,4;BK  32 cm
110448582,0;1;2,0;0,78;17,31;DB 28 cm
110448606,0;1;1,0;16,94;-8,66;BK 39 cm
110448606,0;1;2,0;-5,97;-10,78;BO 38 cm
110449589,0;1;1,0;-15,96;-8,99;DB 34 cm
110449589,0;1;2,0;16,12;5,48;BK 37 cm
110451616,0;1;1,0;17,88;-10,87;MD soliter
110451616,0;1;2,0;13,26;8,81;BK 19 cm
110451616,0;1;3,0;-4,84;3,58;BK u cesty hranice dilce
110454587,0;1;1,0;3,17;-12,53;DB 22 cm
110454587,0;1;2,0;5,05;2,24;BK 13 cm
110455612,0;1;1,0;-15,56;6,89;DB 31 cm u cesty
110455612,0;1;2,0;-2,69;-10,79;BK 28 cm
110456605,0;1;1,0;18,19;1,08;DB 30 cm
110456605,0;1;2,0;-14,24;4,82;BK 38 cm
110459627,0;1;1,0;-16,8;2,03;BK 25 cm
110459627,0;1;2,0;3,28;-15,7;BK 36 cm
110461611,0;1;1,0;12,52;-0,15;DB 13 cm
110461611,0;1;2,0;-3,85;-0,76;BK s cervenym ptuhem
110464623,0;1;1,0;15,3;1,96;TR 30 cm
110464623,0;1;2,0;-5,38;-14,03;BO 32 cm
120158495,0;1;1,0;-8,56;-10,21;HB DBH 141
120158495,0;1;2,0;8,25;-9,29;DB DBH 162
120162502,0;1;1,0;-12,97;-13,91;HB DBH 182
120162502,0;1;2,0;8,05;-15,68;HB DBH 187
120164489,0;1;1,0;13,96;-4,35;DB DBH 149mm
120164489,0;1;2,0;-3,74;-11,53;HB DBH=184mm
120166499,0;1;1,0;-19,0;-1,19;DB DBH 179
120166499,0;1;2,0;1,81;1,1;BK DBH 63
120167539,0;1;1,0;12,24;7,82;DB 25 cm
120167539,0;1;2,0;-7,34;5,25;DB 28 cm
120169479,0;1;1,0;-8,98;-11,54;HB 11 cm
120169479,0;1;2,0;7,12;-9,18;DB 18 cm
120169511,0;1;1,0;-11,48;16,28;DB DBH 254
120169511,0;1;2,0;-12,47;-1,97;BK DBH 253
120169527,0;1;1,0;-1,09;14,58;DB 29 cm
120169527,0;1;2,0;9,25;-5,42;DB 27 cm
120170496,0;1;1,0;-8,15;13,79;DB DBH 147
120170496,0;1;2,0;12,75;6,3;DB DBH 171
120171489,0;1;1,0;-13,18;7,42;DB DBH 200mm
120171489,0;1;2,0;11,99;-1,02;DB DBH=122mm
120171553,0;1;1,0;7,45;14,2;JD 34 cm
120171553,0;1;2,0;3,1;0,37;BO 19 cm
120172538,0;1;1,0;25,32;-5,06;JD 15 cm
120172538,0;1;2,0;-4,59;3,92;BK 14 cm
120174511,0;1;1,0;12,9;11,41;BK DBH=305mm
120174511,0;1;2,0;-0,05;15,42;HB DBH=120mm
120174551,0;1;1,0;-5,58;-12,54;DB 30 cm
120174551,0;1;2,0;9,52;5,56;DB 23 cm
120176528,0;1;1,0;11,61;7,68;DB 36 cm
120176528,0;1;2,0;-1,21;-4,46;DG  14 cm
120178519,0;1;1,0;1,97;8,09;RB 15 cm
120178519,0;1;2,0;-1,65;-5,48;DB 13 cm
120178535,0;1;1,0;0,31;-16,22;DB  28 cm
120178535,0;1;2,0;0,55;6,7;DB pruh DIL
120178543,0;1;1,0;-4,32;-12,5;BK 15 cm
120178543,0;1;2,0;-3,26;3,28;KL 6m
120180497,0;1;1,0;-10,77;-9,13;SM DBH=219mm
120180497,0;1;2,0;3,84;-11,61;DB DBH 178mm
120180505,0;1;1,0;5,14;-12,73;DB DBH=227mm
120180505,0;1;2,0;-12,13;-5,97;BK 120
120182515,0;1;1,0;-16,1;-7,17;HB DBH=196mm
120182515,0;1;2,0;5,13;-11,53;BK DBH 232
120183556,0;1;1,0;10,87;-7,7;BK 19 cm
120183556,0;1;2,0;-8,63;4,49;DB 28 cm
120184533,0;1;1,0;-3,82;-15,57;BK DBH 283
120184533,0;1;2,0;14,15;-4,08;HB DBH 135mm
120185513,0;1;1,0;13,54;-4,01;DB DBH 185
120185513,0;1;2,0;-5,58;-10,2;BK DBH 125
120186530,0;1;1,0;-5,41;16,35;BK DBH 226
120186530,0;1;2,0;-10,58;-8,26;BK DBH 234
120187556,0;1;1,0;-2,93;-10,11;BK 23 cm
120187556,0;1;2,0;2,11;9,8;BK 23 cm pruhy ODD
120192544,0;1;1,0;8,16;16,3;HB DBH=213mm
120192544,0;1;2,0;9,76;-12,96;BK DBH=251mm
120194551,0;1;1,0;3,02;16,65;BK 30 cm
120194551,0;1;2,0;3,54;-4,24;BK 19 cm
120200548,0;1;1,0;-6,29;-13,86;DB DBH 100
120200548,0;1;2,0;-14,02;5,1;HB DBH 106
120299463,0;1;1,0;7,75;-9,96;LP 28 cm
120299463,0;1;2,0;-3,52;5,38;DB 18 cm
120300808,0;1;1,0;-7,69;-4,73;JD 9 cm u cesty
120300808,0;1;2,0;2,57;-1,16;MD 7 cm
120304451,0;1;1,0;8,46;-7,07;BK 14 cm
120304451,0;1;2,0;-5,44;8,54;KL 8 cm
120304459,0;1;1,0;7,18;-3,1;DB  8 cm
120304459,0;1;2,0;-2,2;3,38;DB 10 cm
120306810,0;1;1,0;-9,79;0,85;TR 16cm
120306810,0;1;2,0;8,12;-0,15;BO    23cm
120307475,0;1;1,0;-15,44;-7,2;DB 27 cm
120307475,0;1;2,0;-10,82;-0,3;DB cilovy s pruhem
120308452,0;1;1,0;1,62;14,94;HB 17 cm u cesty s turostickou znackou
120308452,0;1;2,0;-10,93;7,79;LP  12 cm
120310463,0;1;1,0;11,83;-6,55;LP 15cm
120310463,0;1;2,0;-4,7;-1,09;LP 10 cm
120314488,0;1;1,0;-14,3;-17,53;Sloup elvodu
120314488,0;1;2,0;10,16;1,19;DB 17 cm
120315457,0;1;1,0;-10,27;2,73;OL 23 cm
120315457,0;1;2,0;7,56;7,03;HB 16 cm
120315481,0;1;1,0;-9,68;-8,71;TR 32 cm
120315481,0;1;2,0;4,72;0,2;JR 8 cm
120317468,0;1;1,0;6,17;13,37;DB 17 cm
120317468,0;1;2,0;6,49;-11,29;HB 15 cm
120320478,0;1;1,0;-4,91;-10,2;BK 32 cm
120320478,0;1;2,0;5,93;6,82;LP 19 cm
120322498,0;1;1,0;18,3;7,09;Sloup
120322498,0;1;2,0;-10,81;-5,04;DB 23 cm
120322826,0;1;1,0;2,75;-4,08;KL 15cm
120322826,0;1;2,0;0,98;2,43;KL 8
120323491,0;1;1,0;15,21;0,61;DB 19 cm
120323491,0;1;2,0;-10,48;-8,39;BK 29 cm
120323835,0;1;1,0;-5,22;10,94;DB 33 cm
120323835,0;1;2,0;6,35;-10,21;BK 28 cm
120324468,0;1;1,0;-1,13;11,57;HB 9 cm
120324468,0;1;2,0;-2,73;-1,05;SM 16 cm
120324788,0;1;1,0;-17,78;-3,03;BK 30 cm
120324788,0;1;2,0;7,41;8,56;BK 28 cm
120325475,0;1;1,0;25,46;-15,72;JD u pruseku, zavetvena k zemi
120325475,0;1;2,0;13,4;0,81;BO 33 cm
120326844,0;1;1,0;-13,31;-1,72;BK 37 cm
120326844,0;1;2,0;12,5;1,75;BK 27 cm
120328487,0;1;1,0;-8,29;-5,81;DB 44 cm
120328487,0;1;2,0;4,9;-4,15;BK 3m
120328807,0;1;1,0;3,09;-11,72;BK 26 cm
120328807,0;1;2,0;-3,01;3,1;BK  30 cm
120328823,0;1;1,0;-7,12;-10,06;BK 21 cm
120328823,0;1;2,0;4,52;5,37;BK 16 cm
120330506,0;1;1,0;4,55;-15,57;DB 24 cm ve stene
120330506,0;1;2,0;-11,71;3,85;HB solter 17 cm
120330834,0;1;1,0;-13,19;-8,56;BK 34 cm
120330834,0;1;2,0;9,53;-5,56;BK 19 cm
120331844,0;1;1,0;4,8;9,93;BK 23 cm
120331844,0;1;2,0;-7,44;-3,5;BK 19 cm
120332477,0;1;1,0;-7,78;15,15;JD 20 cm
120332477,0;1;2,0;2,36;-5,76;JD13 cm
120332797,0;1;1,0;-2,78;16,29;JL 24 cm
120332797,0;1;2,0;-9,56;3,61;KL 15 cm
120332805,0;1;1,0;-15,38;-13,13;KL 38 cm
120332805,0;1;2,0;5,37;18,04;BK 41 cm cilovy
120333483,0;1;1,0;2,91;23,04;JD 60 cm u potoka
120333483,0;1;2,0;2,76;-3,71;HB 12 cm
120333515,0;1;1,0;7,3;-5,32;DB 16 cm
120333515,0;1;2,0;-7,67;4,75;DB 15 cm
120333819,0;1;1,0;9,58;-5,64;BK 16 cm
120333819,0;1;2,0;-1,15;2,91;BK 36 cm
120334852,0;1;1,0;10,76;1,91;BK 18 cm
120334852,0;1;2,0;-10,22;-0,07;BK 13 cm
120336495,0;1;1,0;9,53;-10,3;JD 26 cm
120336495,0;1;2,0;4,63;10,02;DB 36 cm
120336815,0;1;1,0;-4,8;-5,39;BK 15 cm
120336815,0;1;2,0;-0,04;3,12;BK 13 cm
120336831,0;1;1,0;-10,96;9,53;BK 36 cm
120336831,0;1;2,0;10,09;-8,71;BK 37 cm
120338515,0;1;1,0;-9,56;-5,08;DB 20 cm
120338515,0;1;2,0;-0,55;7,2;DB 12 cm
120339507,0;1;1,0;-2,19;8,65;BK 20 cm
120339507,0;1;2,0;8,71;0,5;HB 10 cm
120339851,0;1;1,0;2,98;8,41;BK 23 cm
120339851,0;1;2,0;-0,89;-7,97;BK 25 cm
120340804,0;1;1,0;4,37;11,95;BK 16 cm
120340804,0;1;2,0;1,24;-3,93;BK 26 cm
120341798,0;1;1,0;-2,9;-10,84;BK 26 cm
120341798,0;1;2,0;-7,25;6,48;BK 23 cm
120342495,0;1;1,0;-8,1;0,63;DB 16cm
120342495,0;1;2,0;7,65;2,41;BK 29 cm
120342527,0;1;1,0;18,62;-9,78;BK 31 cm
120342527,0;1;2,0;-1,36;1,63;DB 12 cm
120342767,0;1;1,0;4,42;-12,57;TR 26 cm
120342767,0;1;2,0;2,89;11,68;BK 24 cm
120342831,0;1;1,0;7,68;-10,27;HB 20 cm
120342831,0;1;2,0;-10,9;5,08;DB pruhy ODD
120344792,0;1;1,0;-6,5;-7,37;BK 6 cm
120344792,0;1;2,0;1,36;-0,42;BR 7 cm
120344824,0;1;1,0;4,46;8,08;BK 17 cm
120344824,0;1;2,0;-7,59;-3,41;KL pruh DIL
120345486,0;1;1,0;-6,23;-13,68;BK 22 cm
120345486,0;1;2,0;-5,67;5,69;BK 5m
120346807,0;1;1,0;-12,1;-6,03;BK 44  cm pruhy ODD
120346807,0;1;2,0;9,92;-0,08;BK 38 cm
120347512,0;1;1,0;-12,72;0,44;DB  15 cm
120347512,0;1;2,0;6,38;-7,47;JD 28 cm
120347520,0;1;1,0;-19,03;11,08;JD 28 cm
120347520,0;1;2,0;13,21;-6,04;DB 20 cm
120347816,0;1;1,0;-9,41;-6,99;JV 15 cm
120347816,0;1;2,0;8,23;-3,19;JV 15cm
120347848,0;1;1,0;-12,05;-3,77;BK 22 cm
120347848,0;1;2,0;11,0;4,33;BK 33 cm
120348777,0;1;1,0;-1,64;-13,02;BK 21 cm
120348777,0;1;2,0;-5,42;-0,01;JD 25 cm
120348785,0;1;1,0;8,28;-3,58;DG 
120348785,0;1;2,0;0,3;1,29;JS 7 cm
120349529,0;1;1,0;-12,38;-6,58;TR 28 cm
120349529,0;1;2,0;2,11;8,88;DG 18 cm
120349825,0;1;1,0;15,46;6,88;BK 24 cm
120349825,0;1;2,0;-7,63;-1,19;BK 16 cm
120350794,0;1;1,0;6,19;1,71;HB 5 m
120350794,0;1;2,0;-0,45;-2,08;HB 7 cm
120350842,0;1;1,0;-13,95;2,78;HB 19 cm
120350842,0;1;2,0;3,26;2,69;BK 36 cm
120351508,0;1;1,0;10,62;3,93;BK 21 cm
120351508,0;1;2,0;-8,04;-7,68;BO 22 cm
120351540,0;1;1,0;9,79;13,93;DG 28 cm
120351540,0;1;2,0;-3,1;-8,05;DB 17 cm
120352501,0;1;1,0;-8,69;-0,79;BO  29 cm
120352501,0;1;2,0;0,15;2,32;HB 5m
120352837,0;1;1,0;14,27;12,58;BK 32 cm
120352837,0;1;2,0;-8,0;-3,73;BK 35 cm
120353494,0;1;1,0;1,87;13,9;DB 7cm
120353494,0;1;2,0;3,07;-7,42;TR 11 cm
120355520,0;1;1,0;-10,55;4,37;BK 8 cm
120355520,0;1;2,0;2,94;2,89;BK 8 cm
120355528,0;1;1,0;-0,2;8,82;DB 15 cm
120355528,0;1;2,0;-3,72;-0,9;BK 8 cm
120357537,0;1;1,0;-11,56;-5,99;MD 28 cm
120357537,0;1;2,0;2,62;-0,14;DB 3m
120358490,0;1;1,0;-17,63;2,6;Slopek rohovy  plotu
120358490,0;1;2,0;5,42;-13,69;DB 50 cm
120358850,0;1;1,0;9,06;12,61;BK 20 cm
120358850,0;1;2,0;-0,38;-7,31;BK 16 cm
120360509,0;1;1,0;12,67;-6,04;LP 33 cm
120360509,0;1;2,0;-7,97;7,62;HB 23 cm
120360845,0;1;1,0;-7,02;9,76;HB 10 cm
120360845,0;1;2,0;-2,18;-1,8;HB 7 cm
120363527,0;1;1,0;-8,6;-8,42;JD 24 cm
120363527,0;1;2,0;0,32;2,3;JD 12 cm
120368516,0;1;1,0;20,09;-6,84;Sloup Elvodu
120368516,0;1;2,0;-8,25;13,62;DB 17 cm v okraji
120447981,0;1;1,0;-3,83;14,32;BK 19 cm
120447981,0;1;2,0;5,36;-11,87;BK 35 cm
120455988,0;1;1,0;-4,07;13,84;Bk 33 cm
120455988,0;1;2,0;11,33;-1,45;BK 26 cm
120456997,0;1;1,0;19,7;6,44;BK 40 cm
120456997,0;1;2,0;-19,19;-2,25;BK  27 cm
120457005,0;1;1,0;8,42;6,65;BK 12 cm
120457005,0;1;2,0;-3,01;1,63;KL 18 cm
120463004,0;1;1,0;11,81;4,18;MD 27 cm
120463004,0;1;2,0;-11,16;3,58;BK 20 cm
120463998,0;1;1,0;16,52;0,46;BK 33 cm
120463998,0;1;2,0;-5,3;9,89;BK 30 cm
130256514,0;1;1,0;-15,62;-5,38;DB 43 cm
130256514,0;1;2,0;3,29;6,54;HB 20 cm
130375695,0;1;1,0;12,92;5,7;KL DBH=251, 5m nad cestou
130375695,0;1;2,0;2,25;13,03;BK DBH 120
130376684,0;1;1,0;4,65;-6,29;BK 9 cm
130376684,0;1;2,0;1,73;1,83;SM 4m
130377690,0;1;1,0;17,88;-1,25;BK DBH 178
130377690,0;1;2,0;2,4;-14,53;HB DBH 145
130378711,0;1;1,0;6,71;-15,97;sloup el vedeni neoznacen
130378711,0;1;2,0;-8,24;-13,39;BK DBH 205
130380696,0;1;1,0;12,29;3,99;JS DBH 224
130380696,0;1;2,0;6,82;-10,74;HB DBH 209
130381709,0;1;1,0;-2,81;-17,4;BK DBH=140mm
130381709,0;1;2,0;-11,41;-0,57;BK DBH 281mm
130384700,0;1;1,0;-15,33;11,59;HB DBH=195mm
130384700,0;1;2,0;10,13;10,82;HB DBH=247mm
130387692,0;1;1,0;-7,59;14,9;LP DBH 115
130387692,0;1;2,0;3,77;-12,99;DB DBH 463 pruh sprejem zeleny
130388697,0;1;1,0;-10,98;3,8;LP DBH 159mm
130388697,0;1;2,0;-3,17;9,72;DB DBH=120mm
130388705,0;1;1,0;8,13;9,52;BK DBH 335
130388705,0;1;2,0;0,82;-8,28;KL DBH 84
130389688,0;1;1,0;11,31;-2,21;JS DBH=186mm
130389688,0;1;2,0;-0,09;-10,92;HB DBH=133mm
130396705,0;1;1,0;-18,13;-8,53;DB DBH=175mm
130396705,0;1;2,0;-10,8;7,28;DB DBH=205mm
130400687,0;1;1,0;13,99;-2,86;Babyka DBH=166mm
130400687,0;1;2,0;-9,92;4,21;Sloup el. vedeni neoznacen
130462796,0;1;1,0;2,96;16,97;BK DBH 291
130462796,0;1;2,0;14,44;2,86;BK DBH 280
130473804,0;1;1,0;3,37;-17,71;BK DBH=191mm
130473804,0;1;2,0;-16,25;3,01;BK DBH 310
130474809,0;1;1,0;15,84;-3,02;BK DBH 140
130474809,0;1;2,0;9,2;12,62;MD DBH 315
130490686,0;1;1,0;-17,59;16,51;BK DBH 330 u cesty
130490686,0;1;2,0;2,99;13,09;BK DBH 249
130493687,0;1;1,0;4,11;-12,36;HB DBH=240mm
130493687,0;1;2,0;-11,51;4,41;JV MLEC DBH=180mm
130503692,0;1;1,0;11,57;-12,62;BK DBH=367mm
130503692,0;1;2,0;-2,01;-14,18;BK DBH=326mm
130504697,0;1;1,0;4,39;15,31;HB DBH=237mm
130504697,0;1;2,0;13,32;-8,16;BK DBH=270mm
130507707,0;1;1,0;14,78;1,13;BK DBH=225mm
130507707,0;1;2,0;3,83;14,11;BK DBH 135
130508700,0;1;1,0;19,11;16,61;BK DBH=423mm
130508700,0;1;2,0;11,52;-9,16;MD DBH=171mm
130511721,0;1;1,0;-13,91;-8,16;Jilm DBH=239 u cesty
130511721,0;1;2,0;10,72;-4,24;HB DBH 223
130513708,0;1;1,0;22,82;12,91;HB DBH 178
130513708,0;1;2,0;12,72;-6,37;MD DBH 257
130514729,0;1;1,0;13,31;6,52;BK DBH=145mm
130514729,0;1;2,0;1,71;-12,21;HB DBH 210
130515726,0;1;1,0;-20,16;-11,92;DB DBH=236mm
130515726,0;1;2,0;3,41;-15,04;LP DBH=215mm
130515738,0;1;1,0;-16,78;-1,29;HB DBH=306mm
130515738,0;1;2,0;4,57;15,36;HB DBH=217
130516707,0;1;1,0;15,17;-7,73;TR DBH 288mm
130516707,0;1;2,0;-9,86;-11,34;SM 226
130517719,0;1;1,0;13,13;-19,76;BK DBH 238
130517719,0;1;2,0;-0,81;-13,3;BK DBH 332
130521724,0;1;1,0;-6,8;7,9;BK DBH=206mm
130521724,0;1;2,0;-0,61;-8,6;BK DBH=80mm pod cestou a pod skalou
130527733,0;1;1,0;2,9;16,17;LP DBH 403
130527733,0;1;2,0;-13,6;2,99;DB 224
130530745,0;1;1,0;-20,43;2,0;HB DBH=114mm
130530745,0;1;2,0;-8,73;-12,47;HB DBH=94mm
130538743,0;1;1,0;-3,18;-13,35;HB DBH 191
130538743,0;1;2,0;7,55;-8,04;HB DBH 162
140076325,0;1;1,0;-2,07;-13,87;HB DBH 150 u pesiny
140076325,0;1;2,0;-12,23;-4,76;HB DBH 292mm
140082336,0;1;1,0;-13,19;9,62;HB DBH 218
140082336,0;1;2,0;-3,29;-13,53;HB DBH 135
140086425,0;1;1,0;12,08;16,09;HB DBH=275mm
140086425,0;1;2,0;8,45;-16,03;JS DBH=394mm
140092441,0;1;1,0;-16,21;4,52;JV ML DBH 165
140092441,0;1;2,0;1,87;13,19;BO DBH 317
140094450,0;1;1,0;4,99;20,01;cedule PR U Brnenky
140094450,0;1;2,0;-14,18;6,31;LP DBH 215mm
140113394,0;1;1,0;-8,21;-8,92;DB DBH=199mm
140113394,0;1;2,0;-9,63;3,43;HB DBH=248mm
140121404,0;1;1,0;7,27;-14,28;HB DBH 250
140121404,0;1;2,0;9,26;8,73;DB DBH 235
140126502,0;1;1,0;-23,86;-2,8;HB DBH=280mm
140126502,0;1;2,0;13,25;7,28;JV ML DBH 313
140127495,0;1;1,0;-2,61;-15,0;BK DBH 261
140127495,0;1;2,0;13,65;-3,22;HB DBH 157
140220507,0;1;1,0;-11,37;-6,75;HB DBH=193mm
140220507,0;1;2,0;-0,96;-12,89;BO DBH 406mm
140258528,0;1;1,0;6,61;12,93;HB DBH 220
140258528,0;1;2,0;-6,12;9,29;DB DBH 112 u skaly
140261546,0;1;1,0;9,92;9,69;BK DBH=250mm
140261546,0;1;2,0;-9,41;8,47;BK DBH=138mm
140261546,0;1;3,0;2,88;3,87;nahradni stred zelezny kolik
140269549,0;1;1,0;-17,02;6,23;LP DBH 178
140269549,0;1;2,0;4,87;-15,27;HB DBH 276
140271563,0;1;1,0;-6,78;-4,66;BK DBH=280mm
140271563,0;1;2,0;2,51;6,13;BK
140274548,0;1;1,0;-1,42;-16,26;DB DBH=160mm
140274548,0;1;2,0;13,47;-4,56;LP DBH=215mm
140312692,0;1;1,0;-13,65;-8,2;JS DBH=247mm
140312692,0;1;2,0;-4,05;-13,84;BK DBH 338
140313623,0;1;1,0;-17,53;-4,2;DB DBH 199mm
140313623,0;1;2,0;12,74;-7,18;HB DBH 242
140344652,0;1;1,0;17,77;-1,33;DB DBH=434mm u cesty
140344652,0;1;2,0;-4,33;9,59;HB DBH=283mm
140353654,0;1;1,0;7,11;-13,88;ML DBH=104mm
140353654,0;1;2,0;-9,21;-2,19;HB DBH=282mm
140429701,0;1;1,0;-5,96;14,12;HB DBH=241mm
140429701,0;1;2,0;-14,29;-1,93;HB DBH=197mm
140433715,0;1;1,0;13,1;7,35;HB DBH 162
140433715,0;1;2,0;-8,58;11,47;HB DBH 235
140435730,0;1;1,0;12,67;8,8;LP dvojak DBH=317mm
140435730,0;1;2,0;11,53;-7,06;ML DBH=182mm u cesty
140440731,0;1;1,0;18,57;2,37;HB DBH=157mm
140440731,0;1;2,0;-17,8;-0,96;HB DBH=300mm
140441741,0;1;1,0;12,54;-9,65;LP DBH 126
140441741,0;1;2,0;10,17;7,47;LP DBH 273
140456689,0;1;1,0;-11,66;-2,48;HB DBH 232
140456689,0;1;2,0;-9,88;4,17;KL DBH=290mm u zdi
140460708,0;1;1,0;11,63;1,47;BK DBH 277
140460708,0;1;2,0;-7,36;8,87;BK DBH 170 mm
140465709,0;1;1,0;-6,94;11,37;BK DBH=284mm
140465709,0;1;2,0;9,14;8,11;JV BAB DBH=185mm
140471717,0;1;1,0;-11,66;1,95;BK DBH 180mm
140471717,0;1;2,0;3,98;10,39;LP DBH 187
140568826,0;1;1,0;-16,38;1,2;JV ML DBH=255mm
140568826,0;1;2,0;-2,57;-12,56;HB DBH=272mm
140568834,0;1;1,0;5,69;21,38;HB DBH 347
140568834,0;1;2,0;5,36;-11,65;HB DBH 277
140574845,0;1;1,0;-2,02;15,59;TR DBH 301
140574845,0;1;2,0;-10,87;5,8;BK DBH=186mm
140576838,0;1;1,0;-8,74;16,1;HB DBH 289
140576838,0;1;2,0;-2,3;-15,96;JV DBH 218
140580847,0;1;1,0;-5,65;14,89;BK DBH 200
140580847,0;1;2,0;-13,47;-1,24;HB DBH 254
140584850,0;1;1,0;-2,95;-12,48;HB DBH 344
140584850,0;1;2,0;10,53;-7,32;HB DBH 301
140625052,0;1;1,0;5,56;-20,07;JL DBH=300mm
140625052,0;1;2,0;1,94;18,22;BK DBH=305mm
140629081,0;1;1,0;13,21;-6,27;JV DBH 153
140629081,0;1;2,0;-9,9;-10,36;JV DBH 286
140632058,0;1;1,0;7,36;-13,44;BK DBH 345
140632058,0;1;2,0;-6,44;-9,55;BK DBH 93
140633918,0;1;1,0;5,86;-8,25;HB  13 cm
140633918,0;1;2,0;-4,17;4,49;KL 13 cm
